NumRuns,ArtAType,ArtAMainstat,HP_f_A,AK_f_A,DF_f_A,HP_p_A,AK_p_A,DF_p_A,ER_p_A,EM_f_A,CR_p_A,CD_p_A,ArtAType,ArtAMainstat,HP_f_B,AK_f_B,DF_f_B,HP_p_B,AK_p_B,DF_p_B,ER_p_B,EM_f_B,CR_p_B,CD_p_B
19,Circlet,HP_p,0,0,0,0,13,12,6,0,0,12,Circlet,CD_p,1046,0,0,0,11,0,5,0,7,0
895,Circlet,HP_p,747,14,0,0,0,0,0,37,10,0,Circlet,CD_p,0,0,16,5,0,0,12,0,18,0
418,Circlet,AK_p,0,35,0,14,0,0,0,23,0,14,Circlet,CR_p,0,0,42,0,19,0,0,40,0,7
100,Circlet,CR_p,0,0,42,0,0,17,0,37,0,5,Circlet,CD_p,269,53,0,0,0,0,10,0,8,0
126,Circlet,AK_p,0,35,44,0,0,10,12,0,0,0,Circlet,CR_p,0,35,0,0,0,0,12,16,0,24
128,Circlet,DF_p,777,33,0,9,0,0,0,0,0,15,Circlet,CD_p,717,19,0,5,0,0,0,0,9,0
336,Circlet,EM_f,0,19,37,13,0,0,0,0,0,13,Circlet,CD_p,418,16,0,0,0,0,17,0,7,0
315,Circlet,HB_p,0,0,0,9,11,20,0,0,3,0,Circlet,CR_p,0,0,0,0,10,11,11,0,0,13
246,Circlet,CD_p,0,16,37,0,0,0,10,0,10,0,Circlet,CD_p,0,47,23,0,13,0,0,0,7,0
144,Circlet,CD_p,747,37,0,0,0,12,0,0,7,0,Circlet,CR_p,0,29,60,0,5,0,0,0,0,14
40,Circlet,DF_p,0,0,51,10,0,0,0,40,0,8,Circlet,CR_p,0,0,39,0,0,7,0,23,0,24
284,Circlet,HP_p,209,0,44,0,10,20,0,0,0,0,Circlet,CD_p,0,0,0,10,0,11,0,37,11,0
441,Circlet,HP_p,0,0,19,0,10,0,0,47,9,0,Circlet,CD_p,0,0,19,0,16,5,0,0,10,0
12,Circlet,HP_p,568,31,19,0,0,0,19,0,0,0,Circlet,CR_p,657,18,42,0,11,0,0,0,0,0
3,Circlet,AK_p,777,0,56,0,0,12,0,23,0,0,Circlet,CD_p,0,14,0,0,15,20,0,19,0,0
11,Circlet,CR_p,239,35,60,0,0,0,0,0,0,12,Circlet,CD_p,299,51,21,0,0,0,0,0,10,0
28,Circlet,DF_p,478,0,37,12,0,0,11,0,0,0,Circlet,CR_p,478,31,0,11,0,0,0,0,0,21
8,Circlet,AK_p,448,31,0,6,0,18,0,0,0,0,Circlet,CD_p,0,37,32,0,0,0,0,42,7,0
,Circlet,AK_p,0,18,35,6,0,0,0,0,0,26
99,Circlet,AK_p,747,0,0,0,0,10,12,0,8,0,Circlet,CD_p,687,0,0,6,10,0,0,0,7,0
54,Circlet,DF_p,598,49,0,8,0,0,0,0,0,6,Circlet,CD_p,568,18,35,0,0,0,0,0,9,0
24,Circlet,HB_p,0,0,0,5,0,7,17,51,0,0,Circlet,CD_p,508,0,42,0,14,0,0,0,7,0
387,Circlet,HP_p,0,0,39,0,0,0,17,0,4,13,Circlet,CD_p,299,0,0,10,17,0,0,0,7,0
62,Circlet,AK_p,0,47,0,15,0,7,5,0,0,0,Circlet,CR_p,0,0,0,16,0,0,10,23,0,12
41,Circlet,HP_p,0,0,0,0,9,17,10,23,0,0,Circlet,CD_p,866,16,0,0,10,12,0,0,0,0
49,Circlet,CD_p,478,47,0,0,0,0,6,0,5,0,Circlet,CR_p,717,0,37,0,9,0,0,0,0,8
83,Circlet,DF_p,0,33,60,0,5,0,0,35,0,0,Circlet,CR_p,568,0,39,0,12,0,0,0,0,12
355,Circlet,DF_p,269,0,44,0,15,0,0,0,7,0,Circlet,CR_p,0,31,21,0,16,0,0,0,0,20
65,Circlet,HB_p,0,29,37,0,0,12,0,0,0,16,Circlet,CD_p,0,18,0,0,20,0,0,33,4,0
217,Circlet,AK_p,568,31,0,0,0,0,16,0,4,0,Circlet,CD_p,0,0,21,13,16,0,0,0,3,0
15,Circlet,CR_p,0,0,0,11,5,26,5,0,0,0,Circlet,CD_p,478,47,42,0,10,0,0,0,0,0
47,Circlet,HB_p,1165,27,35,5,0,0,0,0,0,0,Circlet,CR_p,0,35,0,0,0,12,0,42,0,12
46,Circlet,AK_p,836,0,69,0,0,0,11,16,0,0,Circlet,CD_p,0,33,0,0,4,0,11,58,0,0
14,Circlet,AK_p,0,33,0,0,0,19,0,44,4,0,Circlet,CR_p,0,29,0,0,6,5,0,0,0,26
102,Circlet,HP_p,0,0,16,0,0,12,0,63,0,12,Circlet,CR_p,0,0,19,0,6,0,0,58,0,19
109,Circlet,HP_p,0,31,0,0,16,6,10,0,0,0,Circlet,CD_p,568,33,0,0,0,0,10,0,10,0
14,Circlet,HP_p,0,49,0,0,4,0,0,42,0,15,Circlet,CR_p,418,18,0,10,0,0,0,0,0,21
,Circlet,HP_p,0,18,0,0,0,0,0,23,10,16
132,Circlet,AK_p,0,14,37,21,0,0,0,0,4,0,Circlet,CD_p,0,31,0,15,6,0,0,0,7,0
55,Circlet,DF_p,0,18,44,9,14,0,0,0,0,0,Circlet,CR_p,299,0,0,0,0,7,0,82,0,12
13,Circlet,DF_p,508,0,0,10,4,0,17,0,0,0,Circlet,CR_p,0,19,0,0,10,13,0,0,0,18
4,Circlet,AK_p,269,0,44,0,0,18,11,0,0,0,Circlet,CD_p,0,0,56,11,14,0,0,0,4,0
3,Circlet,CR_p,209,0,0,0,0,13,17,42,0,0,Circlet,CD_p,568,0,0,0,10,6,14,0,0,0
98,Circlet,CD_p,807,19,0,5,0,17,0,0,0,0,Circlet,CR_p,0,14,0,0,11,12,0,0,0,22
30,Circlet,HP_p,0,49,62,0,0,0,5,21,0,0,Circlet,CD_p,836,0,0,10,0,0,9,0,4,0
,Circlet,EM_f,0,18,0,0,10,0,0,0,5,22
,Circlet,CD_p,299,0,0,0,0,0,5,40,13,0
295,Circlet,HP_p,508,18,0,0,10,18,0,0,0,0,Circlet,CR_p,0,0,37,0,0,0,15,42,0,15
279,Circlet,AK_p,508,0,0,0,0,0,17,35,0,14,Circlet,CD_p,0,0,16,0,14,12,0,0,7,0
140,Circlet,CD_p,0,35,0,4,0,0,16,0,6,0,Circlet,CD_p,777,0,39,0,6,0,0,0,9,0
43,Circlet,HB_p,0,33,42,0,8,0,0,42,0,0,Circlet,CR_p,538,53,19,0,14,0,0,0,0,0
924,Circlet,AK_p,0,19,81,0,0,0,0,0,6,12,Circlet,CR_p,209,0,0,0,5,20,0,0,0,22
102,Circlet,AK_p,538,0,35,0,0,19,5,0,0,0,Circlet,CD_p,717,29,42,0,6,0,0,0,0,0
51,Circlet,HB_p,478,0,0,0,6,0,17,0,10,0,Circlet,CD_p,0,0,21,0,0,12,0,35,14,0
,Circlet,DF_p,0,19,0,0,0,0,6,0,10,17
24,Circlet,AK_p,0,0,0,16,0,0,12,51,0,7,Circlet,CR_p,0,0,16,0,16,0,0,68,0,6
40,Circlet,AK_p,299,0,56,16,0,5,0,0,0,0,Circlet,CD_p,0,0,60,0,0,19,0,23,7,0
106,Circlet,AK_p,0,29,39,0,0,13,12,0,0,0,Circlet,CD_p,478,53,0,6,10,0,0,0,0,0
53,Circlet,DF_p,0,16,32,0,10,0,0,56,0,0,Circlet,CR_p,269,0,53,13,11,0,0,0,0,0
6,Circlet,AK_p,508,53,0,0,0,15,5,0,0,0,Circlet,CR_p,0,0,32,6,16,0,0,0,0,15
455,Circlet,EM_f,478,14,56,0,0,0,0,0,7,0,Circlet,CD_p,0,37,37,0,15,0,0,0,7,0
18,Circlet,CD_p,478,14,23,0,0,0,23,0,0,0,Circlet,CR_p,777,19,42,0,0,0,0,0,0,12
175,Circlet,DF_p,209,0,0,0,12,0,0,63,10,0,Circlet,CD_p,239,33,16,0,0,0,0,0,15,0
80,Circlet,DF_p,836,0,0,6,0,0,10,0,6,0,Circlet,CR_p,0,19,0,9,19,0,0,0,0,7
828,Circlet,HP_p,0,0,23,0,9,0,0,56,6,0,Circlet,CD_p,0,31,0,0,11,0,0,42,6,0
51,Circlet,AK_p,0,49,46,0,0,0,0,21,6,0,Circlet,CD_p,0,0,19,10,0,0,14,0,7,0
148,Circlet,CR_p,239,33,0,0,0,0,11,0,0,19,Circlet,CD_p,598,18,16,0,0,0,0,0,14,0
0,Circlet,HP_p,448,0,39,0,0,20,5,0,0,0,Circlet,CR_p,299,0,21,0,0,0,0,100,0,6
84,Circlet,AK_p,657,18,0,6,0,0,17,0,0,0,Circlet,CR_p,508,37,46,0,10,0,0,0,0,0
966,Circlet,HP_p,0,35,58,0,0,0,0,0,7,13,Circlet,CD_p,239,39,0,0,0,0,0,40,14,0
,Circlet,HP_p,0,0,39,0,0,0,0,35,7,15
117,Circlet,EM_f,807,0,0,0,0,11,6,0,0,17,Circlet,CD_p,0,16,65,0,0,0,0,16,10,0
,Circlet,HP_p,0,0,21,0,0,18,0,0,7,13
48,Circlet,CD_p,508,31,0,0,4,0,16,0,0,0,Circlet,CD_p,209,53,79,0,0,0,0,0,4,0
213,Circlet,HB_p,418,0,0,0,0,0,18,23,0,14,Circlet,CR_p,508,0,0,4,0,0,0,35,0,28
62,Circlet,AK_p,717,0,0,9,0,7,11,0,0,0,Circlet,CD_p,0,33,39,0,0,0,0,35,8,0
196,Circlet,HP_p,0,19,0,0,13,0,0,68,0,6,Circlet,CR_p,0,45,0,0,0,19,0,19,0,14
28,Circlet,DF_p,0,37,35,20,5,0,0,0,0,0,Circlet,CR_p,747,18,0,16,11,0,0,0,0,0
16,Circlet,HP_p,777,31,0,0,0,7,0,65,0,0,Circlet,CR_p,568,0,16,9,0,0,0,0,0,19
53,Circlet,CR_p,239,0,60,0,0,0,14,23,0,0,Circlet,CR_p,568,16,0,0,4,25,0,0,0,0
255,Circlet,HP_p,508,0,58,0,0,0,0,0,3,13,Circlet,CD_p,209,19,0,0,0,0,0,54,10,0
189,Circlet,CR_p,478,56,44,0,0,0,0,0,0,14,Circlet,CD_p,0,33,0,0,14,6,0,0,7,0
45,Circlet,DF_p,0,37,0,10,9,0,0,0,6,0,Circlet,CR_p,0,0,46,0,0,0,6,35,0,17
35,Circlet,HP_p,299,49,0,0,0,6,18,0,0,0,Circlet,CD_p,538,0,0,0,9,0,0,44,6,0
61,Circlet,HP_p,209,0,0,0,0,13,0,63,0,13,Circlet,CR_p,0,19,0,0,0,7,0,61,0,26
44,Circlet,HP_p,777,0,0,0,0,5,12,42,0,0,Circlet,CR_p,538,0,0,0,0,5,15,0,0,14
,Circlet,CR_p,0,18,16,10,0,0,0,0,0,28
507,Circlet,AK_p,0,0,0,9,0,0,22,21,7,0,Circlet,CR_p,448,0,0,0,13,0,6,0,0,13
151,Circlet,HB_p,0,54,21,0,9,0,0,0,0,21,Circlet,CR_p,0,14,23,0,15,0,0,0,0,19
2,Circlet,HP_p,837,31,42,0,0,0,5,0,0,0,Circlet,CR_p,657,29,0,0,10,13,0,0,0,0
8,Circlet,HP_p,0,0,0,0,6,5,12,75,0,0,Circlet,CR_p,239,33,0,0,0,0,0,37,0,19
,Circlet,HP_p,0,0,37,0,10,0,5,0,0,21
208,Circlet,AK_p,0,19,58,11,0,0,0,0,6,0,Circlet,CR_p,0,14,0,0,0,0,11,19,0,33
80,Circlet,DF_p,717,35,16,11,0,0,0,0,0,0,Circlet,CR_p,538,0,0,4,22,0,0,0,0,8
40,Circlet,EM_f,0,0,39,10,5,0,16,0,0,0,Circlet,CD_p,0,18,0,9,20,5,0,0,0,0
68,Circlet,EM_f,299,72,0,10,0,0,0,0,4,0,Circlet,CR_p,299,0,21,0,0,0,0,75,0,14
235,Circlet,CR_p,478,0,0,10,9,0,0,0,0,13,Circlet,CR_p,0,49,0,0,0,7,0,40,0,20
75,Circlet,CD_p,837,0,16,11,0,12,0,0,0,0,Circlet,CD_p,777,19,0,10,0,0,0,0,5,0
95,Circlet,CR_p,0,19,56,0,0,20,10,0,0,0,Circlet,CD_p,478,31,0,0,10,0,0,0,8,0
90,Circlet,AK_p,0,0,76,0,0,12,0,44,4,0,Circlet,CD_p,0,0,0,0,5,7,14,0,8,0
43,Circlet,HP_p,807,0,65,0,0,0,0,16,0,6,Circlet,CR_p,269,0,0,8,20,0,12,0,0,0
49,Circlet,HP_p,837,29,0,0,6,13,0,0,0,0,Circlet,CR_p,0,0,49,0,0,0,11,47,0,12
33,Circlet,HP_p,0,49,0,0,0,15,11,0,0,6,Circlet,CD_p,0,29,19,0,16,0,12,0,0,0
126,Circlet,HP_p,807,0,37,0,0,12,0,0,4,0,Circlet,CR_p,538,0,0,10,0,0,0,40,0,12
115,Circlet,AK_p,209,0,65,0,0,12,0,0,6,0,Circlet,CD_p,209,37,60,0,0,0,0,0,8,0
508,Circlet,AK_p,568,0,16,0,0,18,0,0,6,0,Circlet,CD_p,508,0,60,0,5,0,0,0,6,0
609,Circlet,HP_p,0,53,21,0,0,12,0,0,0,12,Circlet,CD_p,0,0,16,0,0,0,17,37,9,0
181,Circlet,HP_p,508,14,0,0,0,12,0,0,10,0,Circlet,CR_p,896,0,16,0,0,0,10,0,0,21
155,Circlet,DF_p,239,35,0,16,0,0,0,0,0,12,Circlet,CD_p,747,33,44,0,0,0,0,0,8,0
236,Circlet,DF_p,0,0,60,0,5,0,0,19,0,18,Circlet,CD_p,0,31,0,0,9,0,11,0,10,0
354,Circlet,CD_p,418,39,0,5,0,0,0,0,10,0,Circlet,CR_p,568,0,16,0,15,0,0,0,0,14
91,Circlet,AK_p,866,19,58,0,0,0,10,0,0,0,Circlet,CR_p,986,35,16,0,5,0,0,0,0,0
1,Circlet,HP_p,0,0,56,0,9,0,12,21,0,0,Circlet,CD_p,239,27,0,0,0,12,0,0,13,0
95,Circlet,AK_p,0,19,21,0,0,0,0,61,10,0,Circlet,CR_p,299,14,56,0,0,0,0,0,0,30
28,Circlet,DF_p,0,14,58,0,16,0,0,42,0,0,Circlet,CR_p,0,39,0,0,10,6,0,0,0,20
10,Circlet,AK_p,269,0,35,0,0,15,0,56,0,0,Circlet,CR_p,837,37,16,0,10,0,0,0,0,0
62,Circlet,EM_f,0,29,0,22,5,7,0,0,0,0,Circlet,CR_p,0,0,76,5,0,0,0,40,0,16
22,Circlet,DF_p,508,43,0,10,0,0,6,0,0,0,Circlet,CR_p,209,19,0,0,0,0,6,0,0,33
53,Circlet,DF_p,478,0,60,0,0,0,5,44,0,0,Circlet,CD_p,777,0,0,0,9,5,0,42,0,0
111,Circlet,HP_p,1046,19,0,0,0,16,0,0,3,0,Circlet,CR_p,0,31,32,0,15,0,0,0,0,14
38,Circlet,CR_p,0,0,39,0,6,12,18,0,0,0,Circlet,CR_p,777,0,0,9,10,0,0,0,0,8
10,Circlet,HB_p,299,43,56,0,0,0,5,0,0,0,Circlet,CD_p,0,49,0,0,10,0,6,0,7,0
14,Circlet,HP_p,209,74,0,0,6,0,0,0,0,6,Circlet,CD_p,0,33,0,0,10,15,0,0,8,0
3,Circlet,AK_p,0,16,0,0,0,13,11,75,0,0,Circlet,CR_p,299,31,58,0,0,0,0,0,0,12
3,Circlet,HP_p,0,0,53,0,5,12,0,40,0,0,Circlet,CR_p,448,0,0,0,10,0,5,77,0,0
104,Circlet,AK_p,239,0,0,15,0,0,0,21,9,0,Circlet,CR_p,538,0,0,6,0,12,0,0,0,22
210,Circlet,AK_p,0,56,42,0,0,0,6,0,0,11,Circlet,CD_p,538,45,0,0,9,0,0,0,4,0
113,Circlet,DF_p,0,53,21,0,0,0,0,37,0,12,Circlet,CD_p,0,18,0,0,26,7,0,19,0,0
50,Circlet,CR_p,269,0,58,0,0,0,12,0,0,13,Circlet,CR_p,239,45,23,0,0,0,0,0,0,23
37,Circlet,HB_p,239,64,46,0,0,0,6,0,0,0,Circlet,CD_p,239,0,0,0,0,10,0,21,14,0
243,Circlet,HP_p,0,19,0,0,20,0,10,0,0,5,Circlet,CD_p,0,0,0,0,0,12,11,16,9,0
426,Circlet,AK_p,299,37,0,0,0,0,0,42,9,0,Circlet,CR_p,0,19,0,0,0,19,0,19,0,19
15,Circlet,HP_p,538,0,81,0,0,0,12,0,3,0,Circlet,CR_p,209,0,0,9,0,0,0,56,0,20
48,Circlet,AK_p,807,60,0,5,0,0,0,16,0,0,Circlet,CD_p,0,47,32,0,11,0,6,0,0,0
3,Circlet,HB_p,896,0,0,5,0,0,13,0,0,5,Circlet,CR_p,0,0,44,0,0,12,5,0,0,23
17,Circlet,CR_p,0,72,19,0,0,0,10,23,0,0,Circlet,CR_p,0,70,0,0,8,0,11,21,0,0
47,Circlet,CR_p,538,35,0,15,0,0,0,0,0,13,Circlet,CR_p,538,0,0,0,15,6,0,0,0,22
103,Circlet,AK_p,717,0,0,4,0,12,0,0,0,13,Circlet,CR_p,0,0,37,0,0,7,5,0,0,24
83,Circlet,HP_p,0,0,60,0,0,12,0,21,6,0,Circlet,CD_p,747,0,0,0,0,0,13,33,7,0
120,Circlet,AK_p,0,49,0,0,0,12,0,37,0,5,Circlet,CR_p,0,14,21,0,19,0,16,0,0,0
115,Circlet,AK_p,568,16,53,10,0,0,0,0,0,0,Circlet,CD_p,0,33,0,0,12,10,0,65,0,0
30,Circlet,HB_p,0,16,62,0,0,0,6,51,0,0,Circlet,CD_p,0,56,39,0,0,6,0,0,6,0
213,Circlet,CR_p,269,33,0,0,0,22,0,0,0,6,Circlet,CR_p,0,0,21,11,0,0,0,56,0,12
292,Circlet,DF_p,508,0,0,0,0,0,14,0,7,8,Circlet,CD_p,538,0,16,0,20,0,0,0,7,0
30,Circlet,DF_p,0,0,39,8,9,0,17,0,0,0,Circlet,CD_p,209,35,0,0,19,0,0,0,4,0
3,Circlet,HP_p,269,0,19,0,0,0,12,79,0,0,Circlet,CD_p,0,29,42,0,12,12,0,0,0,0
111,Circlet,AK_p,568,18,0,0,0,0,11,0,0,19,Circlet,CD_p,0,14,0,0,10,0,10,0,10,0
68,Circlet,AK_p,478,51,39,4,0,0,0,0,0,0,Circlet,CR_p,0,0,19,19,0,5,0,0,0,15
506,Circlet,HP_p,807,0,0,0,9,0,11,0,7,0,Circlet,CR_p,0,33,0,0,15,0,5,0,0,15
35,Circlet,HP_p,299,47,0,0,9,0,12,0,0,0,Circlet,CR_p,0,0,19,10,0,27,0,0,0,8
25,Circlet,AK_p,807,14,35,11,0,0,0,0,0,0,Circlet,CR_p,0,0,0,5,21,0,17,21,0,0
289,Circlet,HB_p,538,0,0,0,10,0,12,0,0,14,Circlet,CD_p,0,37,0,0,0,0,16,21,10,0
110,Circlet,DF_p,538,47,0,0,0,0,0,16,0,14,Circlet,CR_p,598,31,0,0,0,7,0,0,0,20
46,Circlet,HP_p,418,18,0,0,0,29,0,0,4,0,Circlet,CD_p,418,0,39,0,0,15,0,0,7,0
53,Circlet,AK_p,0,31,0,16,0,0,9,0,0,13,Circlet,CR_p,0,56,19,4,0,0,0,0,0,23
60,Circlet,HP_p,209,0,72,0,0,14,6,0,0,0,Circlet,CD_p,0,27,42,0,0,0,0,42,10,0
12,Circlet,HP_p,627,16,39,0,0,0,0,44,0,0,Circlet,CD_p,0,0,0,9,5,12,14,0,0,0
63,Circlet,HB_p,837,0,0,9,0,7,0,35,0,0,Circlet,CD_p,508,0,23,9,12,0,0,0,0,0
331,Circlet,CR_p,0,16,86,0,10,0,0,0,0,8,Circlet,CR_p,0,0,60,0,5,0,6,0,0,20
314,Circlet,DF_p,269,0,39,0,0,0,0,63,0,12,Circlet,CR_p,717,0,19,0,12,0,0,0,0,12
175,Circlet,HP_p,1195,14,0,0,0,0,10,21,0,0,Circlet,CR_p,0,0,46,16,0,0,0,35,0,5
92,Circlet,DF_p,0,0,23,4,0,0,16,65,0,0,Circlet,CR_p,299,68,0,0,0,0,6,0,0,12
,Circlet,HB_p,538,0,0,0,5,0,0,0,11,13
37,Circlet,CD_p,478,16,0,0,14,0,0,0,7,0,Circlet,CD_p,0,18,23,12,0,0,0,0,14,0
143,Circlet,CR_p,657,0,39,5,0,0,17,0,0,0,Circlet,CR_p,0,0,0,0,10,12,0,40,0,12
49,Circlet,AK_p,0,0,39,12,0,17,0,0,4,0,Circlet,CR_p,209,45,60,0,0,0,0,0,0,12
124,Circlet,HP_p,0,0,37,0,10,12,0,0,6,0,Circlet,CD_p,0,29,0,10,12,0,0,0,7,0
11,Circlet,DF_p,568,47,0,4,0,0,0,35,0,0,Circlet,CD_p,687,0,35,0,11,0,0,0,3,0
43,Circlet,HB_p,508,31,0,9,0,0,0,0,0,16,Circlet,CD_p,0,0,42,0,5,18,0,0,9,0
8,Circlet,AK_p,448,0,19,0,0,0,0,63,0,13,Circlet,CR_p,0,35,0,0,15,7,0,0,0,14
99,Circlet,DF_p,0,0,62,5,9,0,11,0,0,0,Circlet,CD_p,478,0,0,0,8,0,0,21,15,0
5,Circlet,DF_p,0,0,83,5,10,0,0,21,0,0,Circlet,CD_p,866,51,0,0,0,5,0,0,3,0
62,Circlet,CR_p,837,19,0,0,9,0,0,33,0,0,Circlet,CR_p,269,0,0,0,15,0,16,42,0,0
63,Circlet,HP_p,0,0,104,0,0,7,5,0,3,0,Circlet,CD_p,478,31,35,0,16,0,0,0,0,0
63,Circlet,HP_p,239,0,0,0,0,14,0,103,0,8,Circlet,CD_p,0,35,0,6,0,0,16,0,6,0
174,Circlet,AK_p,0,64,0,4,0,0,0,21,7,0,Circlet,CD_p,0,35,35,0,16,0,0,0,4,0
76,Circlet,CD_p,0,31,0,10,0,0,24,19,0,0,Circlet,CR_p,0,0,79,0,0,0,5,23,0,20
74,Circlet,DF_p,269,0,0,8,6,0,24,0,0,0,Circlet,CR_p,0,37,0,0,10,19,0,23,0,0
238,Circlet,DF_p,508,0,16,0,9,0,0,0,9,0,Circlet,CD_p,807,16,0,0,0,0,5,0,15,0
23,Circlet,AK_p,538,0,62,0,0,12,0,0,3,0,Circlet,CD_p,0,0,44,0,0,0,5,40,12,0
9,Circlet,HP_p,478,31,0,0,9,0,0,0,0,13,Circlet,CD_p,598,51,0,0,4,0,0,0,9,0
123,Circlet,CD_p,299,37,53,0,0,0,0,35,0,0,Circlet,CD_p,807,0,0,0,16,0,6,0,3,0
83,Circlet,HP_p,0,0,0,0,4,20,18,0,0,8,Circlet,CD_p,0,29,0,0,0,26,6,0,6,0
76,Circlet,CD_p,239,0,60,0,9,0,12,0,0,0,Circlet,CD_p,0,0,21,10,0,0,10,0,12,0
,Circlet,AK_p,0,16,0,0,0,0,16,0,4,21
436,Circlet,HP_p,269,0,0,0,0,7,17,0,0,19,Circlet,CD_p,269,33,0,0,8,0,0,0,9,0
179,Circlet,HB_p,0,0,0,0,5,0,22,16,7,0,Circlet,CR_p,0,16,32,0,0,7,0,0,0,29
,Circlet,DF_p,0,0,21,0,14,0,12,0,0,19
29,Circlet,HB_p,807,0,21,10,0,10,0,0,0,0,Circlet,CD_p,568,0,0,13,0,0,12,0,3,0
27,Circlet,HP_p,837,0,0,0,6,6,16,0,0,0,Circlet,CD_p,1105,0,0,0,4,0,0,42,7,0
96,Circlet,DF_p,0,33,39,10,0,0,0,0,9,0,Circlet,CR_p,0,27,23,0,5,0,0,0,0,30
33,Circlet,CD_p,0,53,0,0,22,0,6,19,0,0,Circlet,CD_p,448,35,0,0,0,0,0,42,9,0
65,Circlet,HP_p,0,29,44,0,0,0,20,0,4,0,Circlet,CD_p,717,0,32,0,0,0,0,21,7,0
1,Circlet,CD_p,0,43,39,0,0,0,19,16,0,0,Circlet,CD_p,0,0,0,17,0,6,17,0,7,0
5,Circlet,HP_p,866,0,39,0,0,0,6,40,0,0,Circlet,CD_p,807,39,0,0,4,0,0,0,7,0
,Circlet,AK_p,0,33,23,0,0,0,0,21,16,0
58,Circlet,AK_p,239,64,0,10,0,0,0,16,0,0,Circlet,CR_p,0,31,19,0,17,15,0,0,0,0
,Circlet,CR_p,448,0,37,0,5,0,0,0,0,23
17,Circlet,DF_p,568,0,42,0,0,0,11,37,0,0,Circlet,CD_p,299,0,0,0,10,24,0,42,0,0
63,Circlet,EM_f,0,0,19,0,15,17,0,0,0,8,Circlet,CD_p,299,29,0,0,13,0,0,0,7,0
199,Circlet,AK_p,538,39,0,0,0,18,5,0,0,0,Circlet,CD_p,299,0,39,0,0,0,0,51,5,0
16,Circlet,HP_p,0,33,0,0,0,0,10,37,0,13,Circlet,CR_p,0,29,0,4,0,0,0,37,0,23
529,Circlet,CR_p,0,51,23,0,0,0,6,0,0,18,Circlet,CD_p,269,31,0,0,0,0,14,0,10,0
275,Circlet,HP_p,687,0,42,0,0,0,0,16,0,13,Circlet,CD_p,0,33,0,0,0,11,0,47,7,0
91,Circlet,CR_p,209,0,58,0,12,12,0,0,0,0,Circlet,CD_p,0,16,0,15,0,0,6,0,10,0
87,Circlet,HP_p,807,0,23,0,0,13,0,0,0,12,Circlet,CD_p,0,47,0,11,0,0,5,0,7,0
12,Circlet,HP_p,269,0,0,0,15,0,5,63,0,0,Circlet,CR_p,687,31,39,0,0,0,0,0,0,14
0,Circlet,DF_p,0,16,0,0,0,0,17,63,0,5,Circlet,CR_p,269,0,0,0,0,17,10,0,0,20
25,Circlet,AK_p,209,0,79,10,0,0,0,37,0,0,Circlet,CD_p,0,0,37,0,4,0,22,21,0,0
35,Circlet,CR_p,0,0,0,16,0,19,6,16,0,0,Circlet,CD_p,0,14,104,0,0,0,0,23,6,0
77,Circlet,HB_p,866,0,37,0,0,13,0,0,3,0,Circlet,CR_p,0,31,0,0,6,0,0,58,0,15
124,Circlet,AK_p,0,0,0,0,0,18,0,37,4,14,Circlet,CR_p,0,14,39,0,0,6,0,0,0,30
81,Circlet,AK_p,0,18,86,0,0,0,17,0,3,0,Circlet,CR_p,418,47,0,0,0,0,0,61,0,8
113,Circlet,DF_p,508,0,0,0,6,0,20,0,4,0,Circlet,CD_p,0,0,32,11,0,0,12,0,7,0
91,Circlet,CD_p,0,0,0,14,0,12,18,0,3,0,Circlet,CD_p,0,19,21,0,0,0,0,82,6,0
11,Circlet,HB_p,0,31,23,14,0,0,0,44,0,0,Circlet,CR_p,0,33,0,16,8,0,0,23,0,0
603,Circlet,HP_p,508,0,60,0,0,0,0,0,7,5,Circlet,CD_p,0,14,0,10,16,0,0,0,10,0
92,Circlet,AK_p,0,0,67,9,0,13,0,35,0,0,Circlet,CD_p,0,0,0,14,6,17,5,0,0,0
6,Circlet,CR_p,508,19,74,10,0,0,0,0,0,0,Circlet,CD_p,0,0,44,0,12,5,23,0,0,0
75,Circlet,DF_p,836,18,0,10,0,0,10,0,0,0,Circlet,CD_p,0,0,19,0,13,0,0,61,8,0
135,Circlet,CR_p,0,49,0,0,6,0,0,42,0,12,Circlet,CD_p,209,37,0,0,0,0,0,44,9,0
25,Circlet,HP_p,0,37,0,0,0,7,5,77,0,0,Circlet,CD_p,0,0,32,0,11,13,0,35,0,0
11,Circlet,HP_p,0,19,74,0,0,0,12,16,0,0,Circlet,CR_p,0,0,60,5,0,0,11,0,0,13
251,Circlet,CR_p,508,0,46,18,0,0,0,0,0,5,Circlet,CR_p,269,51,0,9,0,0,0,0,0,21
44,Circlet,AK_p,687,0,0,10,0,7,0,37,0,0,Circlet,CR_p,717,0,42,0,0,0,11,0,0,5
23,Circlet,HP_p,478,0,23,0,0,20,0,35,0,0,Circlet,CR_p,299,0,0,13,16,0,0,0,0,7
17,Circlet,CD_p,0,35,42,0,4,0,0,63,0,0,Circlet,CD_p,717,18,0,0,0,18,0,0,4,0
,Circlet,HP_p,0,31,0,0,16,0,0,0,8,5
32,Circlet,HB_p,448,0,72,0,5,0,0,23,0,0,Circlet,CR_p,508,0,42,11,10,0,0,0,0,0
31,Circlet,CR_p,717,39,37,0,5,0,0,0,0,0,Circlet,CR_p,239,49,0,17,9,0,0,0,0,0
26,Circlet,AK_p,0,37,0,0,0,0,19,16,0,13,Circlet,CD_p,568,16,0,0,15,0,0,0,7,0
345,Circlet,AK_p,0,18,0,0,0,23,0,42,0,5,Circlet,CD_p,0,31,0,0,4,0,0,77,4,0
17,Circlet,HP_p,538,18,37,0,0,0,17,0,0,0,Circlet,CD_p,0,0,0,11,8,11,0,0,7,0
54,Circlet,HB_p,0,14,0,16,0,0,12,58,0,0,Circlet,CD_p,538,14,0,10,0,0,0,0,10,0
103,Circlet,DF_p,239,0,23,4,0,0,0,93,0,0,Circlet,CD_p,717,0,0,0,0,12,12,0,3,0
,Circlet,EM_f,0,0,56,0,5,0,19,0,7,0
24,Circlet,HP_p,0,60,21,0,0,7,0,40,0,0,Circlet,CD_p,0,35,0,0,16,5,15,0,0,0
62,Circlet,HP_p,0,0,37,0,5,0,16,33,0,0,Circlet,CR_p,0,35,35,6,0,0,0,0,0,18
102,Circlet,AK_p,269,0,0,4,0,0,0,100,4,0,Circlet,CR_p,0,18,65,0,10,0,0,0,0,13
51,Circlet,CR_p,837,33,0,9,0,0,0,19,0,0,Circlet,CR_p,0,19,0,0,0,0,16,56,0,11
64,Circlet,CD_p,747,0,37,11,0,0,0,23,0,0,Circlet,CD_p,0,33,0,0,5,0,0,58,10,0
8,Circlet,DF_p,657,35,23,0,0,0,0,0,0,19,Circlet,CR_p,478,14,0,0,0,7,0,0,0,30
,Circlet,HP_p,239,49,0,0,0,0,0,33,0,21
268,Circlet,HP_p,0,33,37,0,0,6,0,0,10,0,Circlet,CR_p,0,49,21,6,0,0,0,0,0,21
,Circlet,AK_p,0,0,39,0,0,13,0,0,7,14
,Circlet,CD_p,0,19,32,0,13,0,0,0,10,0
54,Circlet,DF_p,568,35,0,0,0,0,0,35,0,12,Circlet,CR_p,0,0,35,16,0,0,0,19,0,14
63,Circlet,HB_p,0,0,62,0,10,0,10,0,6,0,Circlet,CD_p,269,0,44,4,0,0,0,0,13,0
135,Circlet,AK_p,448,0,0,0,0,23,0,21,8,0,Circlet,CR_p,0,0,16,0,0,0,16,21,0,20
,Circlet,AK_p,508,19,0,0,0,0,0,0,8,13
191,Circlet,CD_p,1195,0,0,4,0,0,6,0,4,0,Circlet,CR_p,538,0,0,0,0,5,11,0,0,19
36,Circlet,AK_p,568,0,0,6,0,12,16,0,0,0,Circlet,CR_p,0,0,16,10,6,25,0,0,0,0
304,Circlet,HP_p,239,19,0,0,0,0,0,77,7,0,Circlet,CD_p,0,0,44,0,9,0,0,37,7,0
125,Circlet,AK_p,478,29,0,0,0,27,0,0,3,0,Circlet,CR_p,0,0,0,8,0,0,10,63,0,13
47,Circlet,CD_p,508,0,35,10,9,0,0,0,0,0,Circlet,CR_p,0,0,32,10,0,17,0,0,0,8
11,Circlet,AK_p,747,0,53,0,0,5,0,0,3,0,Circlet,CR_p,0,0,35,6,5,0,0,0,0,26
268,Circlet,HP_p,418,0,0,0,0,13,0,44,0,12,Circlet,CR_p,0,0,32,5,15,0,0,0,0,14
13,Circlet,DF_p,0,0,46,0,5,0,0,82,6,0,Circlet,CR_p,0,0,0,0,16,12,11,0,0,7
69,Circlet,HP_p,0,14,0,0,15,17,0,0,6,0,Circlet,CD_p,508,0,23,0,0,20,0,0,11,0
14,Circlet,DF_p,0,47,46,10,0,0,6,0,0,0,Circlet,CD_p,0,0,19,17,11,0,0,0,4,0
8,Circlet,HP_p,239,0,58,0,0,15,10,0,0,0,Circlet,CD_p,418,35,0,0,0,0,5,0,11,0
113,Circlet,HB_p,568,0,46,0,18,0,0,0,0,6,Circlet,CD_p,508,0,0,0,5,0,5,0,14,0
8,Circlet,CD_p,538,31,19,0,0,0,0,65,0,0,Circlet,CD_p,0,0,0,0,5,5,0,79,8,0
71,Circlet,AK_p,478,0,0,16,0,19,0,0,4,0,Circlet,CR_p,0,18,37,0,10,0,0,0,0,21
5,Circlet,HP_p,807,37,0,0,0,7,0,0,0,13,Circlet,CR_p,627,0,0,0,5,11,0,0,0,13
58,Circlet,AK_p,0,35,0,5,0,15,0,56,0,0,Circlet,CR_p,0,14,62,15,0,0,0,0,0,6
94,Circlet,HB_p,478,18,0,0,10,21,0,0,0,0,Circlet,CR_p,807,0,39,0,0,0,0,35,0,7
629,Circlet,HB_p,0,0,46,4,10,0,0,0,0,20,Circlet,CD_p,269,0,0,0,10,0,6,0,12,0
124,Circlet,DF_p,0,35,16,0,22,0,0,21,0,0,Circlet,CD_p,209,53,0,0,9,0,0,0,6,0
4,Circlet,AK_p,448,0,83,6,0,6,0,0,0,0,Circlet,CD_p,0,39,0,15,0,0,5,0,7,0
4,Circlet,HP_p,0,0,23,0,5,0,12,70,0,0,Circlet,CD_p,0,72,19,10,8,0,0,0,0,0
50,Circlet,HB_p,538,0,53,0,0,0,0,19,0,14,Circlet,CR_p,538,37,0,0,11,0,0,0,0,12
2,Circlet,DF_p,0,31,46,0,0,0,10,56,0,0,Circlet,CD_p,777,0,0,4,16,0,11,0,0,0
154,Circlet,AK_p,717,0,0,11,0,18,0,0,0,8,Circlet,CD_p,1046,0,0,0,5,0,0,23,6,0
123,Circlet,AK_p,478,0,23,0,0,17,0,37,0,0,Circlet,CD_p,0,51,53,0,10,0,0,0,3,0
,Circlet,AK_p,0,0,23,0,0,0,0,33,7,18
0,Circlet,AK_p,448,0,0,5,0,13,17,0,0,0,Circlet,CR_p,807,18,35,0,10,0,0,0,0,0
22,Circlet,HP_p,269,51,0,0,10,0,0,33,0,0,Circlet,CD_p,568,35,0,5,0,0,0,0,9,0
114,Circlet,DF_p,209,16,79,0,0,0,0,0,7,0,Circlet,CD_p,0,49,0,10,0,0,5,0,11,0
23,Circlet,CR_p,1016,35,0,5,0,0,6,0,0,0,Circlet,CR_p,209,51,0,0,0,0,12,0,0,12
16,Circlet,DF_p,0,35,0,0,0,0,17,16,6,0,Circlet,CR_p,0,29,0,5,10,0,0,0,0,19
72,Circlet,HP_p,239,0,0,0,9,0,0,47,0,19,Circlet,CR_p,0,33,21,0,0,0,0,19,0,26
161,Circlet,AK_p,478,0,0,12,0,12,0,0,7,0,Circlet,CD_p,299,0,19,0,0,0,17,0,9,0
0,Circlet,DF_p,0,51,37,9,6,0,0,0,0,0,Circlet,CD_p,836,0,39,0,10,0,0,0,7,0
68,Circlet,HP_p,448,0,60,0,11,0,0,16,0,0,Circlet,CD_p,0,49,46,0,0,0,0,19,5,0
4,Circlet,HB_p,299,0,21,0,0,17,0,0,9,0,Circlet,CD_p,568,39,0,9,0,0,0,0,10,0
53,Circlet,CD_p,568,29,0,15,0,0,0,0,4,0,Circlet,CD_p,0,0,19,15,0,7,0,0,10,0
9,Circlet,DF_p,209,70,46,0,5,0,0,0,0,0,Circlet,CD_p,777,27,0,0,10,0,5,0,0,0
46,Circlet,HB_p,0,0,42,0,10,0,18,0,0,6,Circlet,CR_p,0,18,0,0,10,12,0,0,0,16
158,Circlet,DF_p,269,0,0,0,9,0,15,0,7,0,Circlet,CD_p,0,0,39,0,14,0,6,0,9,0
604,Circlet,DF_p,598,18,0,0,16,0,0,0,7,0,Circlet,CD_p,0,16,0,10,0,0,5,0,12,0
20,Circlet,DF_p,448,51,19,0,11,0,0,0,0,0,Circlet,CD_p,0,0,23,0,0,0,11,42,12,0
8,Circlet,HB_p,0,14,104,0,0,6,0,0,4,0,Circlet,CR_p,0,0,23,0,19,0,5,42,0,0
596,Circlet,HB_p,0,16,16,0,0,0,0,86,0,19,Circlet,CR_p,538,0,35,0,0,7,0,0,0,23
242,Circlet,AK_p,538,27,42,0,0,0,0,0,0,14,Circlet,CD_p,0,0,21,5,0,20,0,0,10,0
232,Circlet,CD_p,896,0,21,0,10,18,0,0,0,0,Circlet,CD_p,538,0,19,0,15,0,9,0,0,0
46,Circlet,DF_p,0,0,58,15,4,0,0,0,6,0,Circlet,CR_p,568,0,39,0,5,0,0,0,0,21
914,Circlet,HP_p,299,49,0,0,0,0,0,0,9,7,Circlet,CR_p,0,29,23,0,0,0,0,16,0,26
10,Circlet,AK_p,478,0,42,0,0,21,0,0,4,0,Circlet,CR_p,299,0,0,0,4,12,0,0,0,27
45,Circlet,HP_p,508,70,0,0,0,6,0,0,4,0,Circlet,CR_p,0,0,0,9,19,13,5,0,0,0
70,Circlet,DF_p,0,0,44,9,5,0,0,65,0,0,Circlet,CR_p,0,16,0,0,0,28,0,44,0,12
25,Circlet,DF_p,0,0,67,11,4,0,10,0,0,0,Circlet,CR_p,0,18,0,0,9,21,11,0,0,0
58,Circlet,DF_p,239,14,83,0,0,0,0,42,0,0,Circlet,CR_p,836,29,0,0,8,0,6,0,0,0
14,Circlet,AK_p,0,56,0,0,0,28,0,0,3,5,Circlet,CD_p,0,0,16,22,9,0,0,0,4,0
8,Circlet,CR_p,0,68,0,4,10,14,0,0,0,0,Circlet,CD_p,269,43,0,0,0,0,0,91,3,0
22,Circlet,CR_p,0,0,23,15,0,0,16,44,0,0,Circlet,CD_p,747,0,0,4,17,0,6,0,0,0
55,Circlet,HP_p,0,35,42,0,5,0,21,0,0,0,Circlet,CR_p,777,47,39,0,0,0,0,0,0,7
18,Circlet,HP_p,538,14,0,0,0,13,0,82,0,0,Circlet,CD_p,836,27,0,0,15,0,6,0,0,0
40,Circlet,HP_p,269,62,0,0,5,0,11,0,0,0,Circlet,CR_p,269,0,0,0,9,19,0,37,0,0
988,Circlet,DF_p,0,27,42,0,0,0,6,0,0,22,Circlet,CD_p,508,0,0,0,20,0,5,0,7,0
64,Circlet,AK_p,0,68,16,0,0,0,6,0,0,21,Circlet,CD_p,508,14,0,0,5,0,0,0,13,0
102,Circlet,AK_p,209,0,88,0,0,0,11,0,3,0,Circlet,CR_p,299,0,35,0,18,0,0,44,0,0
105,Circlet,HP_p,0,54,37,0,10,0,0,16,0,0,Circlet,CR_p,807,0,0,0,9,0,5,0,0,13
24,Circlet,CR_p,0,0,16,15,0,0,17,19,0,0,Circlet,CR_p,269,70,0,0,10,0,5,0,0,0
121,Circlet,DF_p,0,0,0,9,13,0,12,0,3,0,Circlet,CD_p,0,0,37,0,17,0,5,0,6,0
18,Circlet,HP_p,1076,0,39,0,5,7,0,0,0,0,Circlet,CR_p,0,35,83,0,0,0,0,19,0,8
,Circlet,HP_p,0,16,0,0,0,0,0,21,16,11
289,Circlet,AK_p,239,0,37,0,0,0,0,61,0,15,Circlet,CD_p,0,0,21,0,0,6,22,0,9,0
18,Circlet,CR_p,239,18,0,6,0,28,0,0,0,0,Circlet,CD_p,0,0,37,0,5,0,13,0,9,0
20,Circlet,CR_p,837,16,0,6,0,0,17,0,0,0,Circlet,CD_p,0,45,0,4,16,13,0,0,0,0
161,Circlet,AK_p,508,35,46,0,0,0,0,0,0,12,Circlet,CD_p,239,0,0,0,10,0,0,72,7,0
67,Circlet,AK_p,0,0,42,9,0,12,16,0,0,0,Circlet,CD_p,1135,16,21,0,9,0,0,0,0,0
39,Circlet,CR_p,956,0,23,0,10,0,0,0,0,7,Circlet,CD_p,478,0,0,6,0,10,0,0,10,0
,Circlet,HP_p,0,0,37,0,0,0,6,0,7,19
14,Circlet,DF_p,1016,16,42,4,0,0,0,0,0,0,Circlet,CR_p,0,33,0,0,5,0,17,40,0,0
210,Circlet,AK_p,299,0,39,0,0,0,10,0,0,22,Circlet,CD_p,0,14,0,0,11,0,10,0,11,0
574,Circlet,DF_p,598,16,0,0,15,0,0,0,7,0,Circlet,CR_p,209,0,0,0,0,19,6,0,0,28
,Circlet,AK_p,0,0,23,5,0,0,16,0,0,19
10,Circlet,CD_p,299,53,0,0,5,0,0,54,0,0,Circlet,CR_p,0,0,39,0,10,12,10,0,0,0
22,Circlet,DF_p,478,37,0,0,4,0,0,61,0,0,Circlet,CD_p,508,0,0,0,15,0,0,35,4,0
21,Circlet,AK_p,239,0,37,0,0,20,0,0,0,12,Circlet,CR_p,568,0,53,0,4,0,0,0,0,14
26,Circlet,CD_p,0,0,0,4,22,6,0,37,0,0,Circlet,CR_p,598,49,0,0,0,0,0,19,0,15
47,Circlet,AK_p,0,14,21,0,0,19,0,0,0,21,Circlet,CR_p,0,27,0,0,9,0,12,0,0,22
88,Circlet,EM_f,269,16,0,0,0,0,17,0,0,22,Circlet,CR_p,0,56,0,0,11,0,0,19,0,20
20,Circlet,CD_p,0,0,37,0,10,12,0,40,0,0,Circlet,CR_p,299,0,0,9,16,0,9,0,0,0
609,Circlet,AK_p,0,0,46,0,0,7,0,35,10,0,Circlet,CR_p,0,29,39,0,0,0,6,0,0,22
49,Circlet,CD_p,0,27,62,0,5,12,0,0,0,0,Circlet,CR_p,299,0,0,9,0,6,0,0,0,28
14,Circlet,DF_p,209,33,0,0,0,0,24,40,0,0,Circlet,CD_p,0,0,44,0,9,5,0,0,10,0
38,Circlet,AK_p,538,43,0,0,0,0,13,35,0,0,Circlet,CD_p,0,14,0,20,6,0,10,0,0,0
10,Circlet,HP_p,299,0,0,0,0,7,16,54,0,0,Circlet,CD_p,0,62,44,0,0,0,5,0,6,0
98,Circlet,HB_p,448,0,72,0,11,0,0,0,0,7,Circlet,CR_p,0,0,0,0,6,14,15,0,0,11
28,Circlet,DF_p,0,33,53,16,6,0,0,0,0,0,Circlet,CD_p,0,18,0,13,6,0,0,0,10,0
136,Circlet,CD_p,209,0,62,0,5,21,0,0,0,0,Circlet,CR_p,568,0,32,0,0,0,16,0,0,13
63,Circlet,AK_p,508,0,0,11,0,17,0,0,0,6,Circlet,CR_p,1016,18,0,0,16,5,0,0,0,0
,Circlet,HP_p,239,31,0,0,0,0,17,0,0,17
10,Circlet,DF_p,0,31,0,6,17,0,0,21,0,0,Circlet,CD_p,0,0,0,0,6,12,12,0,10,0
2,Circlet,DF_p,777,31,0,0,9,0,0,37,0,0,Circlet,CD_p,0,16,0,0,16,5,0,0,11,0
34,Circlet,DF_p,478,0,62,0,0,0,0,0,4,12,Circlet,CR_p,568,0,0,0,6,11,0,0,0,22
397,Circlet,HP_p,0,0,0,0,0,11,0,44,9,7,Circlet,CD_p,209,0,46,0,0,0,6,0,13,0
311,Circlet,HP_p,0,0,65,0,0,6,6,0,0,20,Circlet,CR_p,0,0,56,6,0,0,6,0,0,29
56,Circlet,AK_p,0,39,19,8,0,0,0,75,0,0,Circlet,CD_p,1135,0,42,5,10,0,0,0,0,0
40,Circlet,AK_p,0,29,0,0,0,0,6,56,5,0,Circlet,CD_p,418,0,0,0,5,0,0,82,4,0
63,Circlet,AK_p,627,70,23,0,0,0,6,0,0,0,Circlet,CD_p,0,39,21,0,0,0,0,16,13,0
,Circlet,CR_p,0,0,0,0,31,5,5,0,0,8
180,Circlet,HP_p,986,0,21,0,0,7,0,0,9,0,Circlet,CD_p,239,0,0,0,12,12,0,0,10,0
12,Circlet,EM_f,777,16,67,0,0,0,0,0,4,0,Circlet,CD_p,478,0,19,0,0,14,0,0,14,0
596,Circlet,DF_p,209,0,35,14,0,0,0,0,10,0,Circlet,CR_p,239,0,16,16,0,0,0,0,0,21
39,Circlet,CD_p,0,31,0,0,10,0,16,40,0,0,Circlet,CR_p,269,0,0,0,11,0,17,33,0,0
291,Circlet,CR_p,0,47,0,0,0,0,10,23,0,12,Circlet,CR_p,0,18,81,0,0,0,5,0,0,16
25,Circlet,HP_p,0,31,42,0,0,0,5,61,0,0,Circlet,CR_p,807,49,0,0,0,0,0,16,0,8
3,Circlet,DF_p,747,0,0,9,10,0,0,0,3,0,Circlet,CD_p,0,16,0,5,0,14,0,0,17,0
22,Circlet,DF_p,0,19,39,0,10,0,16,0,0,0,Circlet,CR_p,538,0,37,0,0,0,0,19,0,26
26,Circlet,CD_p,209,19,65,0,0,20,0,0,0,0,Circlet,CD_p,299,0,0,0,0,0,16,40,7,0
61,Circlet,HP_p,418,0,51,0,6,0,12,0,0,0,Circlet,CR_p,0,39,35,4,15,0,0,0,0,0
21,Circlet,DF_p,0,0,35,0,6,0,11,0,0,20,Circlet,CR_p,299,0,16,0,0,12,0,0,0,26
152,Circlet,HB_p,0,0,39,0,10,0,5,0,0,18,Circlet,CR_p,299,0,0,0,5,0,11,0,0,26
7,Circlet,AK_p,239,0,0,6,0,0,27,21,0,0,Circlet,CD_p,0,53,0,8,16,6,0,0,0,0
433,Circlet,HB_p,0,54,16,0,0,0,0,23,0,21,Circlet,CR_p,209,0,46,10,0,0,0,0,0,22
292,Circlet,CR_p,478,35,0,0,14,0,6,0,0,0,Circlet,CD_p,0,0,0,0,6,0,17,35,9,0
148,Circlet,DF_p,0,0,21,18,0,0,6,0,0,12,Circlet,CD_p,0,31,0,0,0,12,6,0,9,0
43,Circlet,DF_p,0,37,79,10,5,0,0,0,0,0,Circlet,CR_p,866,0,0,0,10,12,5,0,0,0
18,Circlet,DF_p,0,29,19,0,10,0,0,63,0,0,Circlet,CR_p,508,49,0,0,10,0,0,0,0,12
234,Circlet,HP_p,0,16,0,0,0,20,16,0,0,14,Circlet,CD_p,0,0,0,6,8,12,0,0,10,0
44,Circlet,HP_p,0,0,42,0,0,11,15,0,4,0,Circlet,CD_p,0,14,0,15,0,7,0,0,10,0
134,Circlet,HB_p,508,0,23,0,0,0,10,75,0,0,Circlet,CD_p,269,0,65,0,0,12,0,0,7,0
450,Circlet,DF_p,0,35,0,9,14,0,0,0,0,8,Circlet,CR_p,0,19,0,0,10,0,5,0,0,25
1,Circlet,EM_f,0,0,42,16,0,0,6,0,0,11,Circlet,CD_p,0,53,42,0,0,0,10,0,6,0
,Circlet,HP_p,0,0,0,0,5,0,10,0,10,13
103,Circlet,CD_p,0,0,62,6,0,0,0,16,10,0,Circlet,CR_p,747,0,0,4,10,0,0,0,0,22
,Circlet,HP_p,0,0,0,0,0,17,0,35,7,8
0,Circlet,AK_p,836,0,42,0,0,12,11,0,0,0,Circlet,CD_p,209,0,0,0,0,0,10,44,10,0
38,Circlet,CD_p,448,53,0,0,10,0,0,16,0,0,Circlet,CR_p,0,0,0,5,13,0,13,0,0,14
288,Circlet,CD_p,836,14,37,0,0,0,0,0,6,0,Circlet,CD_p,538,39,0,0,0,0,0,40,10,0
117,Circlet,AK_p,299,47,56,5,0,0,0,0,0,0,Circlet,CR_p,0,0,0,15,9,13,0,19,0,0
36,Circlet,HP_p,478,0,0,0,0,12,12,40,0,0,Circlet,CD_p,0,0,0,0,6,0,16,56,3,0
50,Circlet,EM_f,538,33,76,0,0,5,0,0,0,0,Circlet,CR_p,0,0,0,14,6,17,0,16,0,0
222,Circlet,HP_p,777,0,23,0,0,0,0,16,0,20,Circlet,CD_p,269,0,0,5,22,0,0,0,6,0
,Circlet,HB_p,0,0,0,10,6,5,0,0,14,0
75,Circlet,DF_p,0,18,69,0,0,0,0,44,0,6,Circlet,CR_p,0,35,19,9,20,0,0,0,0,0
71,Circlet,HB_p,0,14,0,17,10,0,11,0,0,0,Circlet,CR_p,0,66,0,0,4,7,0,0,0,15
60,Circlet,HP_p,0,31,0,0,4,0,0,61,0,14,Circlet,CR_p,0,27,44,0,15,0,0,0,0,12
928,Circlet,DF_p,0,35,0,8,6,0,0,0,9,0,Circlet,CD_p,0,0,0,6,4,0,5,0,16,0
0,Circlet,CD_p,807,35,16,0,9,0,0,0,0,0,Circlet,CR_p,0,35,0,0,14,0,0,42,0,6
56,Circlet,AK_p,0,0,58,9,0,0,12,23,0,0,Circlet,CR_p,239,0,39,0,6,0,0,0,0,24
,Circlet,AK_p,0,0,0,0,0,12,5,0,6,28
,Circlet,HP_p,0,0,16,0,6,25,0,0,7,0
9,Circlet,AK_p,239,0,0,0,0,11,17,56,0,0,Circlet,CD_p,209,0,86,10,0,0,0,0,7,0
119,Circlet,AK_p,777,0,0,4,0,0,23,21,0,0,Circlet,CR_p,299,0,56,16,0,0,0,0,0,13
12,Circlet,AK_p,1016,16,32,0,0,7,0,0,0,0,Circlet,CR_p,0,49,44,0,5,0,0,0,0,12
42,Circlet,HP_p,508,14,0,0,0,0,16,44,0,0,Circlet,CD_p,717,0,0,0,9,0,12,0,8,0
4,Circlet,AK_p,0,19,0,0,0,0,10,35,9,0,Circlet,CD_p,239,0,0,0,0,12,17,0,10,0
126,Circlet,CR_p,478,0,32,13,0,0,0,47,0,0,Circlet,CD_p,0,53,0,5,10,0,0,61,0,0
282,Circlet,AK_p,0,35,0,5,0,0,17,0,6,0,Circlet,CD_p,598,0,0,0,0,12,0,35,7,0
20,Circlet,DF_p,717,37,0,0,11,0,0,35,0,0,Circlet,CR_p,209,0,0,0,14,0,0,35,0,16
335,Circlet,DF_p,0,19,16,5,31,0,0,0,0,0,Circlet,CR_p,538,33,0,0,9,0,0,0,0,12
3,Circlet,AK_p,239,0,0,0,0,21,5,54,0,0,Circlet,CD_p,0,0,0,11,0,12,0,63,7,0
20,Circlet,HP_p,747,0,0,0,15,14,5,0,0,0,Circlet,CR_p,0,0,42,5,10,0,0,0,0,22
86,Circlet,AK_p,747,18,0,0,0,6,0,0,11,0,Circlet,CR_p,0,14,0,16,10,0,0,0,0,21
,Circlet,HP_p,239,0,0,0,0,0,0,37,7,18
,Circlet,EM_f,269,53,0,0,0,0,0,0,10,8
2,Circlet,HP_p,568,14,60,0,0,0,0,37,0,0,Circlet,CR_p,0,37,0,4,17,0,10,0,0,0
5,Circlet,CR_p,478,18,0,18,0,0,0,40,0,0,Circlet,CD_p,538,47,23,0,10,0,0,0,0,0
72,Circlet,HP_p,0,16,42,0,15,0,11,0,0,0,Circlet,CR_p,0,54,0,0,0,5,0,23,0,19
145,Circlet,HB_p,0,0,65,0,13,0,6,0,0,13,Circlet,CD_p,0,27,21,9,0,0,0,0,10,0
16,Circlet,AK_p,0,14,0,10,0,6,0,75,0,0,Circlet,CR_p,239,0,39,0,8,19,0,0,0,0
31,Circlet,AK_p,299,0,0,9,0,0,10,63,0,0,Circlet,CD_p,0,35,0,0,6,25,0,0,7,0
190,Circlet,AK_p,717,18,0,0,0,10,0,0,10,0,Circlet,CD_p,448,0,0,0,0,7,0,23,16,0
56,Circlet,CD_p,866,0,60,5,0,0,0,0,3,0,Circlet,CD_p,0,0,35,13,15,0,0,0,4,0
8,Circlet,DF_p,717,16,23,0,0,0,14,0,0,0,Circlet,CR_p,0,0,0,0,19,0,5,47,0,7
37,Circlet,CD_p,0,62,0,10,10,5,0,0,0,0,Circlet,CR_p,0,18,0,15,0,5,0,0,0,19
77,Circlet,DF_p,0,0,16,0,0,0,22,37,7,0,Circlet,CR_p,239,33,0,0,0,13,0,0,0,28
7,Circlet,CR_p,209,0,0,0,12,20,11,0,0,0,Circlet,CD_p,0,0,0,4,10,15,0,0,12,0
145,Circlet,AK_p,0,0,16,0,0,20,0,44,0,12,Circlet,CD_p,0,14,62,0,5,0,0,0,10,0
49,Circlet,CD_p,0,0,35,0,0,13,0,40,7,0,Circlet,CD_p,0,0,60,10,0,0,0,44,8,0
5,Circlet,AK_p,0,31,0,4,0,19,0,44,0,0,Circlet,CD_p,896,18,0,0,15,0,5,0,0,0
77,Circlet,HP_p,508,64,0,0,0,0,10,0,4,0,Circlet,CD_p,0,0,0,9,0,0,10,44,10,0
242,Circlet,HP_p,209,0,0,0,6,0,17,0,0,19,Circlet,CD_p,0,37,0,4,0,6,0,0,14,0
121,Circlet,HB_p,1046,0,35,0,0,0,0,44,0,7,Circlet,CD_p,448,0,0,14,0,13,0,0,7,0
24,Circlet,DF_p,986,0,19,0,0,0,9,23,0,0,Circlet,CR_p,0,0,21,0,21,0,5,33,0,0
,Circlet,HP_p,747,0,0,0,0,0,11,0,7,16
18,Circlet,HP_p,508,47,0,0,5,0,0,42,0,0,Circlet,CR_p,0,37,19,14,10,0,0,0,0,0
111,Circlet,DF_p,717,0,0,6,15,0,0,42,0,0,Circlet,CD_p,538,0,0,0,0,12,0,35,9,0
,Circlet,HP_p,269,49,16,0,0,0,0,0,0,19
109,Circlet,HP_p,538,49,0,0,5,0,0,0,0,14,Circlet,CR_p,239,0,0,10,0,12,0,0,0,21
38,Circlet,DF_p,0,0,19,9,5,0,25,0,0,0,Circlet,CD_p,807,0,37,0,9,0,0,0,7,0
34,Circlet,AK_p,0,51,46,0,0,6,16,0,0,0,Circlet,CR_p,448,19,76,0,10,0,0,0,0,0
33,Circlet,HP_p,239,0,37,0,0,7,21,0,0,0,Circlet,CD_p,508,0,0,0,17,7,0,0,4,0
,Circlet,AK_p,717,0,42,0,0,0,0,0,3,16
12,Circlet,HP_p,1046,16,16,0,10,0,0,0,0,0,Circlet,CD_p,299,53,37,0,15,0,0,0,0,0
299,Circlet,HP_p,209,53,0,0,0,0,0,40,0,14,Circlet,CD_p,0,0,0,4,22,0,11,0,7,0
26,Circlet,AK_p,0,39,42,0,0,0,12,37,0,0,Circlet,CR_p,0,0,49,12,0,0,0,42,0,15
18,Circlet,HP_p,0,14,44,0,15,0,11,0,0,0,Circlet,CD_p,0,0,0,19,0,14,0,19,4,0
382,Circlet,HP_p,0,0,37,0,0,0,12,44,8,0,Circlet,CR_p,807,0,0,0,10,0,6,0,0,19
57,Circlet,CD_p,209,66,35,9,0,0,0,0,0,0,Circlet,CR_p,0,49,0,4,0,19,0,0,0,15
393,Circlet,HP_p,239,0,0,0,0,34,0,23,4,0,Circlet,CR_p,0,49,21,0,0,0,0,40,0,13
94,Circlet,DF_p,717,16,39,0,0,0,0,0,0,14,Circlet,CR_p,239,0,0,0,0,10,12,0,0,21
76,Circlet,DF_p,299,58,19,0,8,0,0,0,0,0,Circlet,CR_p,269,0,0,0,16,0,5,56,0,0
11,Circlet,EM_f,0,0,0,16,10,11,6,0,0,0,Circlet,CR_p,448,0,0,10,11,14,0,0,0,0
80,Circlet,HP_p,478,18,83,0,0,0,0,0,3,0,Circlet,CD_p,0,0,58,4,0,0,0,37,7,0
42,Circlet,EM_f,807,0,0,0,10,0,10,0,0,8,Circlet,CD_p,0,49,0,4,0,0,6,0,13,0
455,Circlet,CR_p,777,0,62,0,4,0,0,0,0,14,Circlet,CD_p,777,0,0,0,9,0,0,16,6,0
190,Circlet,HP_p,598,0,0,0,5,29,5,0,0,0,Circlet,CR_p,508,0,0,20,0,7,0,0,0,7
21,Circlet,HB_p,508,47,39,0,0,0,0,0,0,6,Circlet,CD_p,0,0,0,9,14,0,0,23,7,0
194,Circlet,HP_p,0,0,16,0,0,17,19,0,0,14,Circlet,CR_p,0,18,0,10,9,0,0,0,0,23
67,Circlet,DF_p,508,0,67,0,0,0,5,42,0,0,Circlet,CR_p,598,0,39,0,5,0,0,82,0,0
198,Circlet,DF_p,418,0,46,0,0,0,15,0,0,7,Circlet,CD_p,0,19,0,0,0,12,0,37,9,0
13,Circlet,HP_p,0,33,0,0,0,20,10,0,4,0,Circlet,CD_p,0,0,0,0,6,6,0,103,3,0
436,Circlet,HB_p,0,49,0,0,0,19,0,0,4,5,Circlet,CD_p,508,45,0,5,0,0,0,0,7,0
3,Circlet,CR_p,239,19,53,16,0,0,0,0,0,0,Circlet,CD_p,0,29,0,0,0,7,19,0,6,0
22,Circlet,AK_p,0,0,53,6,0,0,11,37,0,0,Circlet,CR_p,0,33,0,9,5,20,0,0,0,0
143,Circlet,CD_p,0,39,60,0,0,0,15,19,0,0,Circlet,CD_p,0,16,0,0,0,12,10,0,10,0
25,Circlet,HP_p,0,80,19,0,0,0,0,42,4,0,Circlet,CR_p,0,19,0,0,0,12,0,54,0,14
24,Circlet,CR_p,269,54,0,0,10,0,17,0,0,0,Circlet,CR_p,299,0,60,0,0,7,0,0,0,19
94,Circlet,HP_p,508,33,0,0,12,0,0,0,7,0,Circlet,CD_p,0,33,0,0,5,0,0,40,10,0
90,Circlet,HP_p,0,33,21,0,0,14,16,0,0,0,Circlet,CR_p,0,56,0,0,10,0,0,35,0,5
263,Circlet,CR_p,0,0,0,10,0,5,0,65,0,15,Circlet,CD_p,269,16,37,0,0,0,0,0,15,0
27,Circlet,CR_p,508,0,0,5,0,13,0,54,0,0,Circlet,CR_p,0,18,0,0,9,0,0,37,0,22
23,Circlet,DF_p,508,45,42,5,0,0,0,0,0,0,Circlet,CR_p,0,0,0,16,5,12,0,63,0,0
11,Circlet,HP_p,568,0,32,0,0,13,0,0,6,0,Circlet,CD_p,0,0,37,0,10,0,0,23,9,0
36,Circlet,DF_p,478,18,42,0,0,0,0,56,0,0,Circlet,CD_p,538,0,53,0,9,0,0,37,0,0
,Circlet,HB_p,0,0,0,0,6,12,0,0,11,12
143,Circlet,AK_p,508,66,0,0,0,0,0,16,0,12,Circlet,CR_p,0,18,0,10,10,0,0,0,0,17
100,Circlet,AK_p,0,0,0,0,0,18,12,42,0,5,Circlet,CD_p,0,45,21,0,15,0,0,0,3,0
26,Circlet,AK_p,0,37,60,8,0,0,5,0,0,0,Circlet,CD_p,478,0,0,9,16,0,0,0,4,0
383,Circlet,CR_p,209,0,0,0,22,0,12,0,0,6,Circlet,CD_p,0,18,65,0,9,0,0,0,7,0
3,Circlet,CD_p,837,31,0,0,11,0,0,0,3,0,Circlet,CR_p,687,0,0,5,0,0,17,0,0,14
30,Circlet,HB_p,568,0,23,9,0,0,15,0,0,0,Circlet,CD_p,299,0,39,0,10,19,0,0,0,0
,Circlet,HP_p,0,47,0,0,5,6,0,0,15,0
61,Circlet,AK_p,508,16,0,0,0,15,0,47,0,0,Circlet,CR_p,568,33,62,0,0,0,0,0,0,7
86,Circlet,HP_p,0,0,62,0,0,19,0,23,3,0,Circlet,CR_p,508,0,21,0,17,0,0,40,0,0
465,Circlet,EM_f,0,29,42,0,0,0,23,0,4,0,Circlet,CD_p,747,0,23,0,11,0,0,0,5,0
31,Circlet,CR_p,418,16,86,0,10,0,0,0,0,0,Circlet,CR_p,478,51,0,0,0,0,0,44,0,6
,Circlet,AK_p,777,16,0,0,0,0,0,0,10,7
60,Circlet,AK_p,508,0,86,0,0,0,0,23,7,0,Circlet,CD_p,209,18,0,0,0,6,0,0,18,0
25,Circlet,DF_p,0,31,37,10,0,0,0,37,0,0,Circlet,CD_p,448,0,0,0,9,0,0,58,4,0
105,Circlet,AK_p,0,35,0,14,0,0,11,19,0,0,Circlet,CD_p,568,0,0,0,5,0,18,0,5,0
,Circlet,HP_p,0,0,79,0,10,0,0,0,7,6
88,Circlet,DF_p,448,0,62,0,0,0,11,0,0,13,Circlet,CR_p,0,31,39,10,0,0,0,0,0,15
83,Circlet,AK_p,1046,31,0,9,0,0,0,0,0,7,Circlet,CD_p,0,0,44,0,4,0,0,19,14,0
6,Circlet,HP_p,0,0,0,0,0,7,5,86,0,12,Circlet,CD_p,0,0,51,10,0,0,0,16,7,0
29,Circlet,AK_p,777,53,16,0,0,0,0,0,4,0,Circlet,CR_p,717,45,21,0,0,0,0,0,0,12
23,Circlet,CD_p,777,31,23,0,0,0,16,0,0,0,Circlet,CD_p,747,0,16,5,15,0,0,0,0,0
20,Circlet,HP_p,209,53,69,0,0,0,6,0,0,0,Circlet,CR_p,0,0,37,10,0,26,0,0,0,7
72,Circlet,DF_p,0,68,39,5,0,0,6,0,0,0,Circlet,CD_p,0,18,23,0,0,25,0,0,7,0
68,Circlet,DF_p,508,0,0,10,10,0,0,0,7,0,Circlet,CR_p,0,19,0,11,15,0,0,0,0,13
29,Circlet,DF_p,448,0,0,14,4,0,0,0,0,13,Circlet,CD_p,0,33,42,0,11,0,0,0,7,0
507,Circlet,HB_p,0,33,0,0,15,0,0,40,7,0,Circlet,CD_p,448,33,0,0,11,0,0,0,10,0
88,Circlet,HB_p,0,33,56,11,0,0,0,19,0,0,Circlet,CD_p,209,29,46,0,17,0,0,0,0,0
82,Circlet,DF_p,747,0,44,0,0,0,0,0,4,11,Circlet,CR_p,0,0,19,0,10,0,0,61,0,16
19,Circlet,HP_p,777,16,0,0,0,11,0,0,7,0,Circlet,CD_p,0,18,42,0,0,0,10,0,9,0
31,Circlet,DF_p,209,58,37,0,10,0,0,0,0,0,Circlet,CD_p,538,0,0,15,0,12,0,0,6,0
37,Circlet,DF_p,0,0,60,10,10,0,0,16,0,0,Circlet,CD_p,0,47,19,6,13,0,0,0,0,0
46,Circlet,DF_p,0,31,0,10,0,0,17,21,0,0,Circlet,CD_p,209,0,69,0,6,12,0,0,0,0
93,Circlet,CR_p,0,19,0,13,0,14,0,0,0,11,Circlet,CD_p,807,0,21,0,10,0,0,0,7,0
3,Circlet,DF_p,239,0,0,22,8,0,6,0,0,0,Circlet,CR_p,747,0,0,6,0,0,0,40,0,21
4,Circlet,CR_p,0,29,0,0,0,14,13,33,0,0,Circlet,CR_p,299,0,0,0,15,12,9,0,0,0
,Circlet,HP_p,0,0,0,0,0,0,5,61,7,12
14,Circlet,AK_p,0,0,16,5,0,0,11,84,0,0,Circlet,CR_p,568,0,62,0,4,12,0,0,0,0
13,Circlet,AK_p,0,0,35,5,0,0,13,56,0,0,Circlet,CD_p,508,14,0,0,16,17,0,0,0,0
11,Circlet,CD_p,508,0,0,0,20,7,0,16,0,0,Circlet,CD_p,239,0,0,11,0,17,0,0,7,0
196,Circlet,CR_p,538,0,19,0,20,0,0,0,0,5,Circlet,CR_p,0,0,39,0,0,0,10,16,0,20
13,Circlet,HP_p,0,31,42,0,0,0,11,51,0,0,Circlet,CR_p,777,0,37,0,0,0,12,0,0,6
3,Circlet,CD_p,986,0,21,12,5,0,0,0,0,0,Circlet,CD_p,0,16,42,0,9,0,0,0,10,0
53,Circlet,DF_p,0,19,37,0,0,0,17,58,0,0,Circlet,CD_p,0,0,35,0,17,12,5,0,0,0
40,Circlet,DF_p,299,88,0,10,0,0,5,0,0,0,Circlet,CD_p,478,0,16,0,0,0,18,0,7,0
9,Circlet,CR_p,269,33,79,0,0,0,5,0,0,0,Circlet,CR_p,0,0,39,15,14,0,0,0,0,7
8,Circlet,AK_p,0,0,37,6,0,0,0,79,0,7,Circlet,CD_p,538,0,0,10,10,0,0,0,7,0
36,Circlet,DF_p,0,19,42,0,9,0,14,0,0,0,Circlet,CD_p,269,35,35,0,15,0,0,0,0,0
71,Circlet,HP_p,0,19,0,0,16,0,17,33,0,0,Circlet,CD_p,0,33,37,0,0,0,11,0,7,0
9,Circlet,HP_p,0,18,0,0,0,0,21,37,7,0,Circlet,CR_p,0,0,39,0,0,6,0,56,0,16
526,Circlet,HP_p,0,0,35,0,17,0,6,0,7,0,Circlet,CR_p,0,19,0,8,10,0,0,0,0,19
13,Circlet,DF_p,896,0,21,0,0,0,10,0,7,0,Circlet,CD_p,0,19,0,5,29,0,0,0,3,0
363,Circlet,DF_p,0,0,56,0,0,0,5,23,11,0,Circlet,CR_p,0,53,0,0,10,0,6,0,0,21
27,Circlet,CR_p,0,18,0,9,4,0,0,82,0,0,Circlet,CR_p,538,37,0,6,15,0,0,0,0,0
6,Circlet,AK_p,0,33,0,8,0,20,10,0,0,0,Circlet,CR_p,807,14,0,0,6,0,0,61,0,0
4,Circlet,AK_p,777,0,21,0,0,13,10,0,0,0,Circlet,CD_p,478,0,0,11,15,0,0,19,0,0
111,Circlet,DF_p,0,53,0,0,0,0,16,16,0,13,Circlet,CR_p,0,0,0,5,0,7,11,0,0,25
68,Circlet,AK_p,807,0,37,0,0,5,0,42,0,0,Circlet,CD_p,508,35,0,10,9,0,0,0,0,0
13,Circlet,CD_p,239,0,0,0,9,7,0,82,0,0,Circlet,CD_p,0,0,16,10,16,0,0,40,0,0
60,Circlet,CR_p,837,0,0,5,4,20,0,0,0,0,Circlet,CR_p,0,39,0,9,5,0,17,0,0,0
35,Circlet,AK_p,239,35,0,0,0,0,6,77,0,0,Circlet,CR_p,598,0,0,0,0,7,0,16,0,30
21,Circlet,HB_p,687,37,23,0,0,0,0,0,5,0,Circlet,CR_p,807,31,21,0,0,0,0,0,0,16
47,Circlet,AK_p,777,0,65,5,0,0,0,35,0,0,Circlet,CD_p,478,33,39,0,12,0,0,0,0,0
41,Circlet,DF_p,0,49,0,0,11,0,0,42,4,0,Circlet,CD_p,0,31,0,0,0,5,0,21,14,0
1,Circlet,HP_p,0,45,35,0,5,0,0,42,0,0,Circlet,CR_p,0,0,62,0,16,0,5,0,0,8
35,Circlet,DF_p,0,56,19,0,0,0,12,33,0,0,Circlet,CD_p,269,0,23,0,10,23,0,0,0,0
19,Circlet,CD_p,299,0,0,0,5,0,0,58,10,0,Circlet,CD_p,0,0,16,0,11,18,0,0,9,0
34,Circlet,EM_f,508,31,0,10,0,16,0,0,0,0,Circlet,CR_p,478,31,0,0,0,0,0,19,0,21
37,Circlet,DF_p,0,18,53,5,14,0,0,0,0,0,Circlet,CD_p,0,33,37,10,0,0,0,0,7,0
13,Circlet,AK_p,0,0,0,22,0,5,0,37,0,7,Circlet,CR_p,0,47,0,9,11,0,0,0,0,15
,Circlet,AK_p,538,0,16,0,0,0,0,0,12,7
130,Circlet,HB_p,0,49,0,10,10,0,0,0,0,7,Circlet,CD_p,508,37,0,0,0,12,0,0,7,0
13,Circlet,DF_p,568,0,0,15,0,0,12,40,0,0,Circlet,CD_p,568,0,67,10,5,0,0,0,0,0
164,Circlet,HB_p,209,62,0,0,12,0,0,0,0,7,Circlet,CR_p,0,0,21,14,16,0,0,0,0,12
47,Circlet,DF_p,0,0,86,11,4,0,0,19,0,0,Circlet,CR_p,0,0,0,11,15,6,11,0,0,0
43,Circlet,AK_p,0,35,19,0,0,17,0,0,0,14,Circlet,CD_p,239,18,0,0,0,15,0,0,11,0
256,Circlet,HP_p,0,0,0,0,0,22,0,54,3,7,Circlet,CD_p,0,29,56,6,0,0,0,0,7,0
6,Circlet,DF_p,0,0,56,10,10,0,0,0,0,6,Circlet,CR_p,0,47,0,0,10,13,0,0,0,7
281,Circlet,EM_f,508,31,0,0,0,12,0,0,7,0,Circlet,CD_p,239,33,0,10,0,0,0,0,10,0
130,Circlet,HP_p,1016,0,0,0,6,0,0,42,0,5,Circlet,CD_p,239,18,0,17,0,0,0,0,7,0
11,Circlet,AK_p,717,0,39,0,0,0,18,16,0,0,Circlet,CD_p,568,0,35,10,9,0,0,0,0,0
163,Circlet,EM_f,1046,0,0,5,9,0,0,0,4,0,Circlet,CR_p,0,0,0,0,10,0,5,54,0,16
604,Circlet,HB_p,508,0,0,0,15,0,6,0,0,13,Circlet,CD_p,269,0,0,0,14,11,0,0,8,0
28,Circlet,CD_p,0,0,42,10,14,0,0,16,0,0,Circlet,CD_p,239,0,16,0,0,18,0,0,10,0
37,Circlet,DF_p,508,0,35,0,0,0,0,58,4,0,Circlet,CR_p,0,51,16,10,0,0,0,0,0,12
,Circlet,AK_p,687,0,39,0,0,0,0,0,9,8
9,Circlet,AK_p,478,33,0,12,0,0,0,0,0,13,Circlet,CD_p,0,0,0,10,0,14,10,0,7,0
0,Circlet,HB_p,478,0,44,12,0,0,12,0,0,0,Circlet,CD_p,1046,0,21,0,4,0,12,0,0,0
210,Circlet,DF_p,807,0,0,0,16,0,0,23,3,0,Circlet,CR_p,0,51,0,5,0,0,6,0,0,18
56,Circlet,DF_p,1016,14,0,10,0,0,5,0,0,0,Circlet,CD_p,0,0,16,0,9,12,21,0,0,0
35,Circlet,HP_p,0,14,21,0,0,0,19,0,8,0,Circlet,CD_p,0,35,0,0,0,0,6,23,12,0
192,Circlet,AK_p,239,51,0,0,0,0,0,0,7,12,Circlet,CD_p,0,0,0,0,16,5,6,0,10,0
240,Circlet,AK_p,0,53,0,20,0,0,5,0,4,0,Circlet,CD_p,538,49,0,0,0,13,0,0,6,0
31,Circlet,HP_p,209,0,53,0,0,0,12,0,0,12,Circlet,CD_p,0,43,0,0,0,14,5,0,7,0
289,Circlet,HB_p,508,0,0,0,12,12,0,0,0,13,Circlet,CR_p,0,29,0,5,0,0,17,0,0,22
31,Circlet,CR_p,747,16,0,0,0,0,12,47,0,0,Circlet,CR_p,598,0,0,0,8,18,0,44,0,0
280,Circlet,HB_p,0,0,0,6,15,0,0,19,9,0,Circlet,CR_p,0,0,39,9,0,0,0,19,0,30
133,Circlet,HP_p,508,0,0,0,19,12,0,0,3,0,Circlet,CR_p,598,18,0,0,0,0,11,0,0,20
3,Circlet,CR_p,508,0,51,0,0,7,10,0,0,0,Circlet,CD_p,239,0,72,0,11,0,0,16,0,0
6,Circlet,DF_p,0,0,19,9,0,0,0,44,0,18,Circlet,CR_p,0,0,0,0,16,0,5,42,0,11
54,Circlet,HB_p,0,0,32,0,0,20,0,0,3,14,Circlet,CR_p,0,0,44,0,10,0,5,0,0,19
214,Circlet,CR_p,269,0,0,0,17,0,10,23,0,0,Circlet,CD_p,0,31,0,0,0,0,12,35,6,0
7,Circlet,DF_p,0,31,42,17,0,0,0,21,0,0,Circlet,CD_p,836,0,0,0,0,7,9,0,6,0
,Circlet,DF_p,508,33,19,0,0,0,0,0,0,19
20,Circlet,DF_p,836,31,0,4,0,0,11,0,0,0,Circlet,CD_p,0,33,0,15,16,0,6,0,0,0
528,Circlet,HB_p,0,35,0,5,0,0,0,33,0,23,Circlet,CD_p,0,16,21,0,13,0,0,0,11,0
,Circlet,HP_p,538,0,0,0,5,0,5,0,0,32
16,Circlet,HB_p,0,39,56,0,10,6,0,0,0,0,Circlet,CD_p,508,31,0,0,0,5,0,0,14,0
361,Circlet,AK_p,717,0,32,0,0,0,12,0,0,12,Circlet,CD_p,0,0,58,0,16,0,10,0,4,0
1,Circlet,HP_p,0,54,56,0,0,7,0,37,0,0,Circlet,CD_p,0,0,46,10,0,5,0,0,10,0
336,Circlet,AK_p,269,0,58,0,0,0,5,0,0,22,Circlet,CR_p,0,0,16,0,15,0,0,19,0,22
148,Circlet,HP_p,0,0,93,0,6,0,0,21,0,6,Circlet,CD_p,0,0,51,15,0,0,6,0,7,0
7,Circlet,DF_p,478,0,0,13,10,0,0,23,0,0,Circlet,CR_p,0,19,60,15,0,0,0,0,0,13
349,Circlet,HP_p,0,0,0,0,0,20,10,0,6,12,Circlet,CR_p,956,0,0,0,5,5,0,0,0,23
57,Circlet,DF_p,0,16,62,15,0,0,6,0,0,0,Circlet,CD_p,478,0,0,0,16,17,0,16,0,0
15,Circlet,DF_p,508,0,23,14,0,0,12,0,0,0,Circlet,CR_p,0,29,0,0,0,5,0,65,0,15
,Circlet,DF_p,0,16,23,0,0,0,0,33,0,26
26,Circlet,CR_p,209,0,42,0,0,28,10,0,0,0,Circlet,CR_p,0,0,0,0,5,0,11,35,0,20
411,Circlet,AK_p,538,54,23,0,0,0,0,0,0,12,Circlet,CD_p,0,18,44,0,10,0,0,0,9,0
4,Circlet,HB_p,0,0,37,4,0,6,22,0,0,0,Circlet,CD_p,777,19,0,0,14,0,0,0,3,0
61,Circlet,CR_p,0,31,42,0,0,0,5,58,0,0,Circlet,CD_p,717,14,0,0,17,0,0,19,0,0
88,Circlet,AK_p,0,27,39,0,0,12,0,0,0,16,Circlet,CD_p,0,0,46,0,5,0,0,21,12,0
11,Circlet,CR_p,478,33,35,12,0,0,0,0,0,0,Circlet,CD_p,478,0,21,20,0,0,0,0,4,0
83,Circlet,AK_p,657,19,0,15,0,0,5,0,0,0,Circlet,CR_p,1135,16,0,0,6,0,0,40,0,0
18,Circlet,EM_f,478,37,0,19,0,6,0,0,0,0,Circlet,CD_p,0,45,42,0,5,0,0,0,7,0
306,Circlet,HP_p,239,31,42,0,0,0,0,0,0,19,Circlet,CD_p,0,14,0,0,16,0,0,68,7,0
8,Circlet,CD_p,0,16,58,0,0,0,6,0,9,0,Circlet,CR_p,448,0,37,0,9,0,0,0,0,14
143,Circlet,DF_p,538,37,0,4,0,0,15,0,0,0,Circlet,CR_p,0,31,0,0,6,17,0,40,0,0
31,Circlet,HB_p,538,0,51,0,0,13,0,40,0,0,Circlet,CD_p,269,14,0,0,0,0,13,0,13,0
22,Circlet,CD_p,0,0,19,5,0,20,0,51,0,0,Circlet,CR_p,0,0,44,16,4,0,0,37,0,0
244,Circlet,HP_p,0,33,39,0,0,0,0,37,0,15,Circlet,CD_p,0,47,23,0,0,0,0,21,10,0
5,Circlet,AK_p,777,0,39,0,0,0,12,0,4,0,Circlet,CD_p,0,47,0,0,10,7,0,0,10,0
40,Circlet,DF_p,807,0,21,0,10,0,0,33,0,0,Circlet,CR_p,448,31,0,0,0,15,0,0,0,11
207,Circlet,HP_p,478,0,0,0,0,7,0,54,0,12,Circlet,CR_p,299,33,0,0,10,0,0,0,0,19
0,Circlet,AK_p,209,37,0,10,0,0,17,0,0,0,Circlet,CR_p,209,0,0,9,0,0,0,58,0,16
101,Circlet,EM_f,0,29,0,10,0,5,18,0,0,0,Circlet,CR_p,0,29,19,0,0,12,0,0,0,26
108,Circlet,AK_p,0,31,0,0,0,18,5,40,0,0,Circlet,CR_p,0,16,0,14,12,12,0,0,0,0
633,Circlet,HP_p,0,0,60,0,11,0,12,0,0,12,Circlet,CD_p,0,0,0,0,10,7,0,65,10,0
234,Circlet,HB_p,0,0,37,11,5,0,0,0,0,21,Circlet,CR_p,508,18,0,5,0,0,0,0,0,26
47,Circlet,AK_p,0,31,39,10,0,0,0,63,0,0,Circlet,CD_p,0,14,0,13,11,0,10,0,0,0
39,Circlet,HP_p,299,0,37,0,9,0,0,56,0,0,Circlet,CR_p,0,0,16,9,10,21,0,0,0,0
407,Circlet,HP_p,0,0,0,0,0,13,12,19,0,19,Circlet,CR_p,747,31,0,0,5,0,0,0,0,19
17,Circlet,DF_p,836,14,42,0,10,0,0,0,0,0,Circlet,CR_p,478,0,0,0,10,0,6,0,0,29
8,Circlet,DF_p,0,31,23,16,0,0,10,0,0,0,Circlet,CR_p,508,54,19,0,0,0,0,0,0,12
671,Circlet,HP_p,0,0,23,0,0,13,10,0,10,0,Circlet,CR_p,448,0,19,0,9,0,0,0,0,20
15,Circlet,AK_p,0,35,16,0,0,20,0,35,0,0,Circlet,CD_p,0,68,16,0,9,7,0,0,0,0
58,Circlet,CR_p,269,0,16,0,6,0,0,93,0,0,Circlet,CD_p,299,53,0,0,0,0,10,0,6,0
35,Circlet,DF_p,1105,14,0,0,0,0,0,40,7,0,Circlet,CR_p,0,0,16,0,0,7,0,107,0,15
809,Circlet,HP_p,0,0,0,0,0,14,0,40,6,12,Circlet,CD_p,0,14,23,0,0,17,0,0,14,0
127,Circlet,AK_p,0,27,23,0,0,18,12,0,0,0,Circlet,CR_p,0,0,23,10,15,0,0,0,0,13
87,Circlet,HP_p,508,0,0,0,18,10,0,0,4,0,Circlet,CR_p,747,0,0,0,0,6,0,21,0,19
,Circlet,DF_p,568,31,0,0,0,0,0,0,9,5
4,Circlet,CR_p,0,0,60,9,5,0,0,0,0,14,Circlet,CR_p,269,16,0,0,27,0,0,0,0,13
29,Circlet,EM_f,0,18,35,0,0,28,5,0,0,0,Circlet,CD_p,598,0,35,0,9,0,0,44,0,0
26,Circlet,DF_p,1046,0,37,9,0,0,0,0,0,7,Circlet,CR_p,0,18,16,0,0,0,13,0,0,27
64,Circlet,HP_p,866,0,0,0,5,12,0,51,0,0,Circlet,CR_p,687,0,46,0,9,0,0,42,0,0
,Circlet,CR_p,0,33,0,0,0,12,10,0,0,21
5,Circlet,HP_p,0,0,19,0,0,19,0,82,3,0,Circlet,CR_p,0,37,0,0,5,14,0,0,0,18
,Circlet,HP_p,0,47,0,0,0,0,0,44,3,21
13,Circlet,AK_p,777,0,39,0,0,0,0,40,3,0,Circlet,CD_p,986,0,37,0,0,0,6,0,4,0
254,Circlet,HB_p,299,35,42,0,14,0,0,0,0,0,Circlet,CD_p,0,18,0,10,16,10,0,0,0,0
14,Circlet,AK_p,0,16,58,16,0,0,5,0,0,0,Circlet,CD_p,0,31,23,0,10,0,17,0,0,0
43,Circlet,DF_p,538,0,0,16,0,0,0,37,0,12,Circlet,CD_p,0,0,0,10,0,6,16,0,7,0
88,Circlet,CR_p,0,0,0,10,10,12,0,35,0,0,Circlet,CD_p,0,43,23,0,14,0,0,0,6,0
35,Circlet,AK_p,0,0,19,11,0,0,0,40,10,0,Circlet,CD_p,0,0,0,5,6,12,0,0,12,0
78,Circlet,DF_p,0,66,53,6,0,0,0,19,0,0,Circlet,CD_p,418,16,0,0,15,0,0,0,7,0
1,Circlet,CR_p,269,0,42,0,0,0,12,61,0,0,Circlet,CR_p,508,0,21,12,15,0,0,0,0,0
46,Circlet,HB_p,448,33,0,6,0,0,0,58,0,0,Circlet,CR_p,986,16,39,0,10,0,0,0,0,0
116,Circlet,AK_p,0,14,0,0,0,19,0,44,0,12,Circlet,CD_p,0,31,0,10,10,0,0,0,7,0
401,Circlet,AK_p,239,0,42,16,0,0,0,0,0,12,Circlet,CR_p,269,0,0,0,19,0,11,0,0,15
266,Circlet,DF_p,508,35,0,0,10,0,0,0,0,14,Circlet,CR_p,807,35,0,0,12,0,0,0,0,15
16,Circlet,CR_p,0,0,37,0,5,24,0,21,0,0,Circlet,CR_p,0,0,21,0,0,6,10,0,0,28
13,Circlet,HB_p,0,49,0,0,15,5,5,0,0,0,Circlet,CR_p,0,27,42,9,0,0,0,0,0,13
105,Circlet,DF_p,0,0,39,9,17,0,0,0,0,6,Circlet,CD_p,717,0,23,0,8,0,0,0,7,0
78,Circlet,CD_p,538,0,0,13,10,10,0,0,0,0,Circlet,CD_p,0,0,0,5,20,0,6,37,0,0
27,Circlet,HP_p,0,29,37,0,6,0,0,56,0,0,Circlet,CD_p,807,33,0,9,0,0,0,0,8,0
182,Circlet,DF_p,478,16,0,16,11,0,0,0,0,0,Circlet,CD_p,0,49,56,0,0,0,11,0,4,0
9,Circlet,CD_p,0,18,69,0,10,0,13,0,0,0,Circlet,CD_p,0,0,81,5,4,0,0,0,6,0
18,Circlet,CR_p,508,0,35,12,0,0,10,0,0,0,Circlet,CD_p,0,0,23,5,20,0,0,54,0,0
,Circlet,AK_p,0,16,0,0,0,0,0,56,10,7
435,Circlet,DF_p,478,0,56,4,0,0,0,0,7,0,Circlet,CR_p,0,0,23,15,10,0,0,0,0,12
,Circlet,AK_p,448,0,42,0,0,0,0,0,7,19
2,Circlet,AK_p,568,31,0,0,0,12,0,0,0,12,Circlet,CR_p,0,0,42,0,0,15,0,19,0,18
35,Circlet,CD_p,269,29,0,9,0,0,16,0,0,0,Circlet,CD_p,478,0,58,0,6,0,0,0,7,0
100,Circlet,DF_p,538,16,35,0,22,0,0,0,0,0,Circlet,CD_p,0,16,37,10,0,0,0,0,10,0
1,Circlet,HP_p,568,18,60,0,8,0,0,0,0,0,Circlet,CD_p,299,37,0,0,13,12,0,0,0,0
221,Circlet,HB_p,448,14,0,0,16,0,0,40,0,0,Circlet,CD_p,448,31,0,0,0,0,10,0,8,0
35,Circlet,DF_p,0,0,16,0,16,0,17,0,0,6,Circlet,CD_p,478,39,0,0,0,0,0,21,13,0
198,Circlet,CD_p,508,29,44,0,0,0,0,0,9,0,Circlet,CD_p,269,0,0,0,13,20,0,0,7,0
297,Circlet,CD_p,239,0,37,9,0,0,0,0,10,0,Circlet,CD_p,0,33,0,0,5,0,0,40,12,0
36,Circlet,AK_p,538,37,0,10,0,12,0,0,0,0,Circlet,CR_p,538,0,0,0,16,0,0,35,0,7
497,Circlet,HP_p,0,29,0,0,0,20,0,16,8,0,Circlet,CD_p,448,0,0,0,12,13,0,0,7,0
801,Circlet,AK_p,239,58,0,4,0,0,0,0,0,19,Circlet,CD_p,598,33,0,0,0,0,5,0,10,0
68,Circlet,CR_p,777,33,21,0,0,0,0,54,0,0,Circlet,CR_p,0,14,21,0,15,16,0,0,0,0
115,Circlet,DF_p,777,0,53,4,0,0,0,0,4,0,Circlet,CD_p,0,16,23,0,19,0,0,0,5,0
74,Circlet,AK_p,269,0,46,10,0,0,0,61,0,0,Circlet,CD_p,299,0,0,0,10,0,14,0,7,0
96,Circlet,CR_p,0,14,60,0,9,15,0,0,0,0,Circlet,CD_p,598,0,60,0,0,11,0,0,3,0
341,Circlet,CD_p,0,19,21,15,0,0,0,0,9,0,Circlet,CR_p,0,16,39,0,0,0,6,0,0,32
193,Circlet,AK_p,239,45,0,0,0,0,16,0,0,7,Circlet,CD_p,0,0,37,0,9,0,17,0,4,0
62,Circlet,HP_p,0,35,35,0,19,0,0,23,0,0,Circlet,CR_p,239,35,0,9,0,0,0,0,0,19
19,Circlet,CR_p,0,0,58,0,10,5,12,0,0,0,Circlet,CR_p,0,0,53,0,15,0,12,0,0,6
101,Circlet,CD_p,269,0,0,0,9,19,0,33,0,0,Circlet,CD_p,299,0,32,0,0,12,0,0,9,0
60,Circlet,HB_p,0,39,74,0,11,0,0,0,3,0,Circlet,CD_p,0,31,35,0,0,0,6,0,10,0
268,Circlet,HP_p,807,31,0,0,0,12,0,0,7,0,Circlet,CD_p,0,0,56,5,8,0,0,0,8,0
48,Circlet,CD_p,239,18,35,0,0,0,23,0,0,0,Circlet,CR_p,0,0,46,5,19,0,0,40,0,0
224,Circlet,HP_p,0,53,0,0,0,11,5,0,6,0,Circlet,CD_p,0,35,0,0,5,0,0,61,6,0
11,Circlet,DF_p,269,0,67,0,10,0,10,0,0,0,Circlet,CD_p,568,0,0,14,0,5,0,0,7,0
496,Circlet,AK_p,747,31,0,0,0,0,0,19,0,19,Circlet,CR_p,0,35,0,0,4,0,12,0,0,21
186,Circlet,DF_p,538,31,0,0,16,0,0,0,0,7,Circlet,CD_p,0,19,79,0,0,5,0,0,10,0
27,Circlet,CR_p,598,0,19,0,0,0,14,65,0,0,Circlet,CD_p,508,0,0,19,9,0,0,23,0,0
37,Circlet,AK_p,0,19,0,15,0,0,11,0,0,12,Circlet,CD_p,0,0,0,10,0,11,9,0,8,0
16,Circlet,HP_p,598,33,42,0,0,13,0,0,0,0,Circlet,CR_p,1016,0,0,0,0,7,5,0,0,14
,Circlet,DF_p,269,0,0,0,13,0,5,0,0,22
79,Circlet,HP_p,299,49,0,0,13,5,0,0,0,0,Circlet,CD_p,0,31,39,0,9,0,0,0,7,0
185,Circlet,DF_p,777,0,44,0,0,0,0,16,0,13,Circlet,CR_p,448,0,46,0,0,0,0,40,0,19
,Circlet,DF_p,0,0,0,0,12,0,0,35,13,7
2,Circlet,CR_p,0,37,0,10,0,10,0,47,0,0,Circlet,CD_p,299,51,0,0,0,0,10,0,6,0
124,Circlet,DF_p,717,0,39,0,4,0,0,0,0,14,Circlet,CD_p,269,53,0,0,0,0,0,16,9,0
64,Circlet,AK_p,239,33,44,13,0,0,0,0,0,0,Circlet,CR_p,0,14,0,0,12,12,0,0,0,21
1,Circlet,DF_p,448,37,58,0,0,0,0,0,0,5,Circlet,CD_p,269,33,0,0,15,15,0,0,0,0
116,Circlet,HP_p,1076,16,44,0,0,0,0,0,0,5,Circlet,CD_p,0,0,0,5,14,0,10,0,7,0
80,Circlet,HP_p,0,56,37,0,0,0,0,19,0,15,Circlet,CD_p,0,33,42,0,0,0,0,42,10,0
86,Circlet,DF_p,777,14,0,10,0,0,11,0,0,0,Circlet,CD_p,0,41,58,0,6,0,6,0,0,0
17,Circlet,HP_p,418,0,62,0,0,12,0,40,0,0,Circlet,CD_p,478,37,0,0,10,0,0,40,0,0
4,Circlet,AK_p,717,0,19,12,0,7,0,0,0,0,Circlet,CD_p,239,0,0,0,0,15,12,0,10,0
65,Circlet,CR_p,0,0,35,17,9,7,0,0,0,0,Circlet,CR_p,538,0,0,0,15,0,16,0,0,6
,Circlet,DF_p,0,51,19,0,0,0,0,0,7,20
61,Circlet,HP_p,0,45,42,0,16,0,0,0,0,8,Circlet,CD_p,777,29,0,0,5,0,0,0,7,0
309,Circlet,HP_p,299,14,86,0,0,0,0,42,0,0,Circlet,CR_p,0,0,60,0,10,0,0,37,0,7
265,Circlet,EM_f,269,0,0,0,0,24,0,0,3,16,Circlet,CR_p,717,0,23,5,0,0,0,0,0,25
44,Circlet,DF_p,0,0,0,0,6,0,17,37,7,0,Circlet,CR_p,0,31,23,0,0,14,0,0,0,19
39,Circlet,DF_p,299,0,19,0,12,0,0,79,0,0,Circlet,CD_p,0,0,21,0,0,19,10,0,6,0
32,Circlet,AK_p,0,49,42,0,0,20,0,23,0,0,Circlet,CR_p,269,0,56,0,0,0,0,42,0,12
50,Circlet,AK_p,568,33,44,0,0,17,0,0,0,0,Circlet,CR_p,0,70,0,0,5,0,0,21,0,11
287,Circlet,HP_p,0,0,0,0,10,12,0,42,7,0,Circlet,CR_p,209,0,0,6,0,0,0,40,0,28
,Circlet,AK_p,0,31,39,0,0,0,0,0,7,12
29,Circlet,CR_p,0,18,62,0,0,13,0,61,0,0,Circlet,CD_p,0,0,35,10,17,0,0,0,4,0
32,Circlet,HP_p,0,35,0,0,0,0,16,56,0,7,Circlet,CD_p,0,0,58,10,0,0,5,0,6,0
7,Circlet,DF_p,0,18,23,8,0,0,0,110,0,0,Circlet,CD_p,0,18,0,0,0,5,19,0,11,0
54,Circlet,AK_p,538,14,0,0,0,24,0,19,0,0,Circlet,CR_p,448,43,0,9,0,0,0,0,0,15
7,Circlet,AK_p,0,0,0,10,0,0,9,54,4,0,Circlet,CR_p,538,16,0,0,17,0,0,0,0,5
28,Circlet,HP_p,0,29,0,0,6,0,0,35,10,0,Circlet,CD_p,239,0,0,0,20,0,5,0,9,0
96,Circlet,HB_p,299,0,74,5,0,11,0,0,0,0,Circlet,CD_p,0,19,35,0,0,19,0,0,7,0
196,Circlet,CD_p,0,51,0,0,9,0,5,37,0,0,Circlet,CD_p,0,0,0,19,10,0,11,0,3,0
393,Circlet,HB_p,0,0,23,0,0,0,0,82,7,7,Circlet,CD_p,269,0,0,0,15,0,10,0,7,0
128,Circlet,AK_p,568,14,0,0,0,23,0,0,7,0,Circlet,CD_p,0,0,21,0,0,6,0,77,8,0
31,Circlet,AK_p,0,0,21,4,0,0,17,0,0,21,Circlet,CD_p,0,0,39,0,11,5,0,0,9,0
65,Circlet,DF_p,538,0,0,0,5,0,0,82,4,0,Circlet,CD_p,0,0,21,0,0,0,12,70,7,0
4,Circlet,HP_p,209,19,0,0,10,25,0,0,0,0,Circlet,CD_p,0,39,0,0,15,0,16,19,0,0
67,Circlet,HB_p,209,0,39,5,0,23,0,0,0,0,Circlet,CR_p,0,37,0,13,9,0,6,0,0,0
57,Circlet,CD_p,0,31,0,0,0,18,6,40,0,0,Circlet,CD_p,0,14,42,0,5,0,25,0,0,0
12,Circlet,HP_p,0,33,19,0,0,15,14,0,0,0,Circlet,CR_p,448,0,0,0,5,0,0,40,0,20
78,Circlet,HP_p,986,16,21,0,0,0,0,0,0,14,Circlet,CR_p,0,18,0,0,19,0,16,0,0,8
163,Circlet,EM_f,239,0,58,0,0,15,0,0,7,0,Circlet,CD_p,0,0,23,0,10,0,0,33,10,0
85,Circlet,AK_p,0,31,0,6,0,0,0,56,0,14,Circlet,CR_p,0,0,35,0,0,7,22,0,0,15
35,Circlet,HP_p,0,49,0,0,0,14,10,23,0,0,Circlet,CD_p,0,0,44,10,0,6,0,0,10,0
3,Circlet,AK_p,0,49,0,5,0,0,12,0,0,15,Circlet,CD_p,0,47,23,0,15,0,0,0,4,0
125,Circlet,DF_p,0,14,56,0,0,0,13,0,0,12,Circlet,CR_p,478,0,39,0,0,0,12,0,0,19
208,Circlet,EM_f,239,47,39,0,0,0,0,0,0,11,Circlet,CR_p,777,0,0,0,10,0,10,0,0,7
32,Circlet,AK_p,0,0,51,10,0,0,5,44,0,0,Circlet,CR_p,0,0,100,4,6,7,0,0,0,0
2,Circlet,CR_p,0,0,0,0,9,12,12,42,0,0,Circlet,CD_p,239,0,81,8,0,0,0,0,4,0
405,Circlet,DF_p,0,16,0,10,0,0,0,61,0,11,Circlet,CD_p,0,0,0,0,25,6,6,0,7,0
82,Circlet,CD_p,717,37,16,0,10,0,0,0,0,0,Circlet,CR_p,866,0,16,0,19,0,0,0,0,6
60,Circlet,HP_p,0,0,58,0,5,17,0,23,0,0,Circlet,CR_p,299,35,0,0,0,5,0,0,0,33
7,Circlet,HP_p,837,19,0,0,0,0,12,35,0,0,Circlet,CR_p,0,0,58,0,0,0,5,70,0,15
264,Circlet,HP_p,448,0,0,0,0,0,21,0,7,6,Circlet,CR_p,0,18,0,6,0,11,0,0,0,26
279,Circlet,DF_p,627,0,44,9,0,0,0,0,0,16,Circlet,CR_p,0,0,0,4,10,0,16,0,0,13
68,Circlet,CR_p,747,0,32,10,0,15,0,0,0,0,Circlet,CR_p,0,0,0,10,15,0,9,21,0,0
5,Circlet,AK_p,717,49,23,0,0,0,12,0,0,0,Circlet,CD_p,448,47,0,0,10,0,6,0,0,0
6,Circlet,HP_p,0,0,44,0,0,22,15,16,0,0,Circlet,CD_p,0,31,16,14,16,0,0,0,0,0
49,Circlet,CD_p,508,29,37,0,0,0,0,47,0,0,Circlet,CD_p,1016,33,0,0,0,0,0,16,4,0
54,Circlet,HP_p,508,51,21,0,0,0,0,40,0,0,Circlet,CR_p,239,53,62,0,4,0,0,0,0,0
70,Circlet,DF_p,538,54,0,5,0,0,0,56,0,0,Circlet,CD_p,0,0,0,0,10,0,16,37,6,0
26,Circlet,AK_p,0,35,0,0,0,25,5,0,4,0,Circlet,CD_p,538,49,0,0,10,0,0,0,7,0
9,Circlet,HP_p,418,0,39,0,0,20,6,0,0,0,Circlet,CR_p,538,47,44,0,10,0,0,0,0,0
6,Circlet,CR_p,687,0,0,0,9,20,5,0,0,0,Circlet,CD_p,0,74,16,0,11,0,0,19,0,0
17,Circlet,HB_p,508,45,0,0,0,12,0,42,0,0,Circlet,CD_p,807,0,42,0,10,0,5,0,0,0
12,Circlet,HP_p,1135,18,39,0,0,0,11,0,0,0,Circlet,CR_p,209,0,95,0,6,0,12,0,0,0
83,Circlet,CR_p,0,18,46,0,5,0,27,0,0,0,Circlet,CD_p,0,0,0,5,21,7,0,0,7,0
96,Circlet,HP_p,0,16,32,0,0,0,17,0,8,0,Circlet,CD_p,0,0,19,15,0,0,0,16,11,0
131,Circlet,DF_p,0,0,76,10,0,0,0,40,3,0,Circlet,CR_p,0,0,44,0,4,0,16,0,0,15
98,Circlet,DF_p,717,0,21,0,6,0,0,0,0,19,Circlet,CR_p,0,14,0,0,0,0,6,42,0,27
20,Circlet,CD_p,657,53,16,0,0,7,0,0,0,0,Circlet,CD_p,0,45,58,0,0,0,0,23,3,0
26,Circlet,CR_p,538,0,44,5,16,0,0,0,0,0,Circlet,CD_p,209,33,0,0,0,21,0,0,7,0
11,Circlet,DF_p,209,51,0,0,0,0,0,37,0,13,Circlet,CD_p,269,0,0,4,0,0,15,0,9,0
340,Circlet,HB_p,0,19,0,10,0,19,0,0,7,0,Circlet,CR_p,0,19,0,0,0,13,12,0,0,16
63,Circlet,DF_p,448,31,42,0,0,0,12,0,0,0,Circlet,CD_p,777,33,0,0,0,0,0,61,3,0
411,Circlet,HB_p,0,0,0,13,0,6,0,65,7,0,Circlet,CD_p,0,0,65,0,4,0,13,0,7,0
21,Circlet,DF_p,478,0,19,0,0,0,21,23,0,0,Circlet,CR_p,0,0,16,5,0,0,0,47,0,26
6,Circlet,AK_p,448,0,44,0,0,10,12,0,0,0,Circlet,CD_p,0,0,16,0,10,19,0,65,0,0
34,Circlet,CR_p,0,51,39,0,5,13,0,0,0,0,Circlet,CD_p,0,54,0,5,0,0,11,0,9,0
371,Circlet,AK_p,0,53,0,0,0,5,0,19,11,0,Circlet,CR_p,0,14,0,10,0,0,5,0,0,28
76,Circlet,CD_p,209,0,0,0,0,12,0,65,7,0,Circlet,CR_p,538,14,0,12,0,0,0,0,0,17
66,Circlet,DF_p,538,49,0,0,5,0,10,0,0,0,Circlet,CR_p,0,37,32,10,0,0,0,0,0,13
10,Circlet,DF_p,269,54,16,0,0,0,0,63,0,0,Circlet,CR_p,508,14,0,0,0,0,12,0,0,21
1,Circlet,HB_p,896,33,0,4,0,0,12,0,0,0,Circlet,CD_p,0,14,37,0,15,20,0,0,0,0
,Circlet,HP_p,0,37,32,0,0,0,0,0,11,12
54,Circlet,CD_p,0,0,37,10,10,0,0,0,6,0,Circlet,CR_p,598,0,0,8,0,0,0,19,0,18
127,Circlet,DF_p,0,16,39,0,0,0,21,0,0,7,Circlet,CR_p,478,0,37,4,0,0,0,0,0,19
30,Circlet,CR_p,508,0,56,0,10,0,0,21,0,0,Circlet,CD_p,0,37,16,0,0,0,0,23,12,0
73,Circlet,CR_p,0,0,19,0,11,0,17,40,0,0,Circlet,CD_p,0,49,39,0,0,0,11,0,3,0
23,Circlet,DF_p,299,31,0,19,5,0,0,0,0,0,Circlet,CD_p,0,68,0,0,0,7,5,0,7,0
310,Circlet,AK_p,269,33,60,0,0,0,0,0,7,0,Circlet,CD_p,866,0,0,6,8,0,0,0,7,0
24,Circlet,AK_p,0,47,0,0,0,0,10,19,0,14,Circlet,CR_p,0,0,0,16,0,0,9,23,0,21
2,Circlet,HP_p,508,53,0,0,0,0,6,35,0,0,Circlet,CR_p,0,39,21,0,0,26,0,0,0,5
338,Circlet,AK_p,0,35,0,11,0,5,0,0,10,0,Circlet,CD_p,0,51,0,0,0,5,5,0,11,0
498,Circlet,DF_p,0,0,19,11,14,0,0,0,0,14,Circlet,CR_p,0,0,42,0,0,0,12,35,0,22
101,Circlet,DF_p,448,0,0,12,0,0,17,19,0,0,Circlet,CD_p,0,45,23,11,9,0,0,0,0,0
27,Circlet,CR_p,299,14,72,0,0,0,0,0,0,12,Circlet,CR_p,209,37,0,0,0,0,0,61,0,17
43,Circlet,CD_p,0,0,0,8,0,13,5,77,0,0,Circlet,CR_p,299,0,32,0,0,0,11,0,0,19
3,Circlet,CD_p,508,18,0,0,9,0,16,0,0,0,Circlet,CR_p,0,33,16,0,14,13,0,0,0,0
8,Circlet,DF_p,508,0,0,9,10,0,0,44,0,0,Circlet,CD_p,448,29,0,0,0,20,0,0,4,0
22,Circlet,DF_p,807,0,56,0,5,0,0,0,0,5,Circlet,CD_p,0,70,16,0,0,0,6,0,11,0
6,Circlet,HP_p,0,37,32,0,18,0,6,0,0,0,Circlet,CR_p,239,0,0,0,19,0,12,21,0,0
272,Circlet,DF_p,538,0,46,10,0,0,0,0,7,0,Circlet,CR_p,0,19,21,0,0,0,10,0,0,26
273,Circlet,HP_p,0,0,76,0,0,14,0,0,3,13,Circlet,CD_p,299,16,42,0,0,0,0,0,14,0
,Circlet,AK_p,239,0,42,0,0,0,0,0,9,13
21,Circlet,CD_p,209,37,0,0,6,0,23,0,0,0,Circlet,CR_p,1046,0,37,0,0,0,5,0,0,6
13,Circlet,HP_p,598,0,35,0,0,13,0,42,0,0,Circlet,CR_p,598,0,19,0,19,0,6,0,0,0
64,Circlet,CD_p,0,0,21,10,0,17,0,37,0,0,Circlet,CD_p,0,19,0,5,0,0,22,0,6,0
688,Circlet,HP_p,0,53,0,0,0,14,0,16,0,16,Circlet,CR_p,0,53,42,0,0,0,0,23,0,18
28,Circlet,AK_p,299,41,79,0,0,0,0,0,0,6,Circlet,CR_p,209,56,19,0,20,0,0,0,0,0
2,Circlet,DF_p,0,31,35,12,0,0,10,0,0,0,Circlet,CR_p,0,0,16,0,9,0,10,0,0,22
55,Circlet,CR_p,568,0,0,0,6,17,0,0,0,12,Circlet,CD_p,0,49,0,10,0,5,0,0,8,0
35,Circlet,DF_p,508,0,44,0,0,0,17,21,0,0,Circlet,CR_p,209,0,79,0,10,0,0,0,0,7
,Circlet,EM_f,448,0,0,0,0,0,6,0,10,12
12,Circlet,CD_p,0,74,0,0,0,17,5,0,4,0,Circlet,CD_p,478,16,0,0,18,13,0,0,0,0
18,Circlet,CR_p,478,35,0,0,0,18,0,0,0,12,Circlet,CR_p,508,0,39,0,0,0,0,16,0,21
298,Circlet,AK_p,418,29,0,10,0,0,0,0,0,14,Circlet,CR_p,0,16,0,0,24,0,0,21,0,8
20,Circlet,HP_p,508,14,46,0,0,18,0,0,0,0,Circlet,CD_p,0,39,35,0,5,0,0,58,0,0
62,Circlet,DF_p,269,0,19,0,15,0,0,68,0,0,Circlet,CD_p,299,49,0,0,16,0,0,0,3,0
57,Circlet,CD_p,508,51,0,0,0,0,0,21,6,0,Circlet,CR_p,448,35,0,0,0,0,0,40,0,20
18,Circlet,HB_p,0,16,60,10,0,0,0,0,7,0,Circlet,CD_p,299,0,0,0,9,0,0,58,7,0
13,Circlet,DF_p,598,14,39,0,0,0,0,56,0,0,Circlet,CR_p,0,37,0,13,0,5,0,0,0,15
2,Circlet,DF_p,777,0,16,9,0,0,0,37,0,0,Circlet,CR_p,0,19,44,0,14,12,0,0,0,0
130,Circlet,CR_p,0,0,35,0,5,18,12,0,0,0,Circlet,CR_p,0,39,0,0,9,14,0,61,0,0
43,Circlet,HP_p,508,33,19,0,15,0,0,0,0,0,Circlet,CD_p,1046,0,16,0,0,0,11,0,7,0
,Circlet,DF_p,0,43,0,0,6,0,5,0,0,26
72,Circlet,HP_p,0,70,37,0,0,0,5,0,4,0,Circlet,CD_p,0,0,0,0,10,20,16,0,3,0
100,Circlet,CR_p,239,29,44,0,0,0,17,0,0,0,Circlet,CD_p,0,45,0,0,11,5,0,0,8,0
144,Circlet,AK_p,747,16,46,0,0,0,0,0,7,0,Circlet,CD_p,0,0,0,0,6,0,20,21,6,0
70,Circlet,AK_p,0,37,16,15,0,0,10,0,0,0,Circlet,CD_p,0,18,35,0,0,0,5,0,14,0
127,Circlet,CR_p,0,53,42,10,0,6,0,0,0,0,Circlet,CD_p,239,0,0,13,5,19,0,0,0,0
35,Circlet,CR_p,508,0,53,0,9,7,0,0,0,0,Circlet,CR_p,0,51,0,5,0,0,10,0,0,13
81,Circlet,AK_p,0,0,37,10,0,20,5,0,0,0,Circlet,CD_p,239,35,37,0,16,0,0,0,0,0
,Circlet,CR_p,209,35,0,0,16,0,0,0,0,15
53,Circlet,HB_p,0,0,0,0,6,14,22,0,0,6,Circlet,CD_p,0,18,0,0,0,0,13,37,10,0
278,Circlet,CD_p,777,0,16,0,0,7,0,0,10,0,Circlet,CD_p,239,33,0,0,0,11,0,0,11,0
14,Circlet,CD_p,0,0,23,0,0,17,12,56,0,0,Circlet,CD_p,0,0,19,9,11,19,0,0,0,0
62,Circlet,CR_p,836,0,42,10,0,0,0,35,0,0,Circlet,CD_p,0,16,32,0,5,0,0,0,14,0
130,Circlet,DF_p,209,54,23,0,0,0,0,0,0,20,Circlet,CD_p,0,18,0,4,10,0,0,0,14,0
24,Circlet,HP_p,0,68,0,0,0,0,12,35,4,0,Circlet,CR_p,0,27,37,0,0,14,0,0,0,13
434,Circlet,CR_p,508,33,0,0,0,0,11,0,0,14,Circlet,CR_p,239,0,0,11,0,0,0,16,0,28
38,Circlet,HP_p,0,0,21,0,0,0,14,58,0,5,Circlet,CD_p,209,53,0,0,16,0,0,23,0,0
99,Circlet,AK_p,0,0,0,5,0,17,11,0,6,0,Circlet,CR_p,598,0,0,8,0,0,10,0,0,13
81,Circlet,DF_p,747,19,0,15,0,0,0,0,3,0,Circlet,CR_p,0,31,0,0,9,0,0,47,0,12
18,Circlet,HP_p,0,66,58,0,0,0,6,16,0,0,Circlet,CD_p,747,0,0,6,15,0,5,0,0,0
9,Circlet,CD_p,0,47,32,0,0,0,0,44,3,0,Circlet,CD_p,0,39,16,0,0,12,0,0,10,0
154,Circlet,AK_p,269,0,0,0,0,17,0,40,0,13,Circlet,CD_p,0,0,46,0,15,0,6,0,5,0
42,Circlet,CD_p,717,0,16,0,0,20,6,0,0,0,Circlet,CD_p,0,51,0,0,9,7,10,0,0,0
24,Circlet,HB_p,418,0,35,0,0,0,6,68,0,0,Circlet,CR_p,0,0,32,0,11,0,0,42,0,13
325,Circlet,CR_p,0,0,39,9,10,0,0,0,0,15,Circlet,CD_p,0,0,0,4,0,7,10,0,13,0
30,Circlet,AK_p,0,0,23,10,0,0,0,96,0,5,Circlet,CR_p,0,0,44,0,0,5,10,0,0,19
,Circlet,HP_p,538,14,0,0,16,0,0,0,0,14
6,Circlet,HP_p,209,33,44,0,0,24,0,0,0,0,Circlet,CR_p,0,18,60,5,0,0,0,0,0,19
49,Circlet,CR_p,508,0,19,9,0,0,0,51,0,0,Circlet,CR_p,0,16,0,0,13,0,0,63,0,7
77,Circlet,AK_p,866,0,21,14,0,0,5,0,0,0,Circlet,CD_p,0,16,0,0,14,0,16,23,0,0
,Circlet,HP_p,269,0,0,0,0,0,19,0,6,13
190,Circlet,CR_p,0,16,39,0,0,0,0,61,0,13,Circlet,CD_p,209,0,69,0,15,0,0,0,4,0
474,Circlet,HP_p,0,0,44,0,5,23,0,0,0,13,Circlet,CD_p,299,0,42,10,0,0,0,0,9,0
5,Circlet,AK_p,0,33,0,8,0,17,0,21,0,0,Circlet,CR_p,239,37,0,0,9,17,0,0,0,0
41,Circlet,CR_p,0,33,0,0,17,12,0,16,0,0,Circlet,CD_p,209,0,0,0,0,0,29,23,7,0
324,Circlet,HP_p,0,0,0,0,16,20,10,0,0,5,Circlet,CR_p,299,0,39,0,0,5,0,0,0,28
315,Circlet,CR_p,299,35,16,0,20,0,0,0,0,0,Circlet,CR_p,0,0,0,0,9,10,19,0,0,6
9,Circlet,HP_p,986,35,0,0,4,0,0,19,0,0,Circlet,CR_p,0,0,0,0,0,12,15,47,0,7
424,Circlet,HP_p,508,18,0,0,0,15,0,0,9,0,Circlet,CD_p,0,0,21,0,13,5,0,0,12,0
,Circlet,AK_p,0,0,19,0,0,0,9,40,10,0
160,Circlet,HP_p,0,0,65,0,10,0,6,40,0,0,Circlet,CR_p,837,0,35,0,0,0,17,0,0,7
87,Circlet,HP_p,239,35,0,0,0,0,12,0,9,0,Circlet,CD_p,478,0,39,0,0,7,0,0,10,0
43,Circlet,CD_p,448,35,65,0,11,0,0,0,0,0,Circlet,CR_p,0,31,16,0,12,0,0,89,0,0
551,Circlet,AK_p,807,0,0,0,0,6,10,0,0,20,Circlet,CR_p,0,0,21,9,0,0,12,0,0,21
42,Circlet,EM_f,837,0,0,0,4,13,0,0,7,0,Circlet,CD_p,0,19,19,0,0,12,0,0,13,0
29,Circlet,CR_p,836,31,0,4,0,11,0,0,0,0,Circlet,CD_p,209,0,42,5,25,0,0,0,0,0
77,Circlet,DF_p,478,0,39,0,0,0,5,0,14,0,Circlet,CR_p,0,19,0,5,0,0,0,21,0,33
35,Circlet,CD_p,0,37,19,0,4,0,22,0,0,0,Circlet,CR_p,0,16,60,0,8,0,0,40,0,0
44,Circlet,CD_p,299,0,37,20,0,0,0,0,3,0,Circlet,CD_p,448,35,46,0,0,0,0,0,10,0
36,Circlet,AK_p,478,0,0,10,0,0,12,37,0,0,Circlet,CR_p,0,33,0,0,9,0,13,0,0,13
186,Circlet,HB_p,0,29,0,10,0,7,0,0,10,0,Circlet,CR_p,209,0,44,5,0,0,0,0,0,26
42,Circlet,AK_p,0,0,42,11,0,0,5,0,0,20,Circlet,CR_p,0,0,58,0,5,5,0,0,0,30
8,Circlet,AK_p,0,33,0,10,0,0,0,44,6,0,Circlet,CD_p,0,0,72,6,15,0,0,0,4,0
142,Circlet,HB_p,269,0,23,0,21,19,0,0,0,0,Circlet,CR_p,508,0,62,0,0,0,13,0,0,13
0,Circlet,HP_p,896,14,60,0,0,0,6,0,0,0,Circlet,CR_p,0,0,81,5,0,0,5,0,0,13
21,Circlet,HB_p,508,53,0,0,0,0,0,42,0,14,Circlet,CD_p,269,0,0,0,11,0,0,54,6,0
14,Circlet,DF_p,866,0,39,8,0,0,5,0,0,0,Circlet,CR_p,0,37,39,0,13,0,0,0,0,7
207,Circlet,DF_p,299,0,42,10,0,0,0,0,9,0,Circlet,CD_p,0,0,0,9,11,0,6,0,12,0
42,Circlet,CR_p,0,0,0,19,0,5,13,0,0,7,Circlet,CR_p,269,29,0,0,23,0,0,23,0,0
403,Circlet,HP_p,0,0,79,0,0,0,10,0,7,7,Circlet,CD_p,0,0,0,10,0,13,11,0,11,0
9,Circlet,AK_p,0,0,35,9,0,20,6,0,0,0,Circlet,CD_p,209,0,0,5,10,0,23,0,0,0
125,Circlet,CD_p,0,19,0,0,9,0,18,0,7,0,Circlet,CR_p,0,14,0,0,0,12,18,0,0,21
62,Circlet,AK_p,0,31,39,0,0,19,5,0,0,0,Circlet,CD_p,0,0,0,0,10,6,17,37,0,0
25,Circlet,HP_p,448,53,0,0,0,7,0,0,6,0,Circlet,CD_p,448,0,23,0,0,12,0,0,12,0
25,Circlet,DF_p,807,0,0,11,10,0,5,0,0,0,Circlet,CD_p,448,0,0,0,15,13,6,0,0,0
18,Circlet,CR_p,448,19,0,9,0,0,0,58,0,0,Circlet,CD_p,0,14,0,0,11,0,0,70,7,0
23,Circlet,AK_p,478,0,0,0,0,12,0,0,5,15,Circlet,CD_p,269,19,39,0,0,0,0,0,14,0
308,Circlet,AK_p,0,0,37,0,0,0,13,44,0,12,Circlet,CR_p,0,0,39,6,0,0,10,0,0,24
,Circlet,DF_p,0,37,0,0,17,0,0,37,0,13
53,Circlet,AK_p,508,53,0,0,0,0,0,19,0,15,Circlet,CR_p,0,0,16,9,0,13,0,0,0,23
0,Circlet,CD_p,0,29,0,4,20,0,6,0,0,0,Circlet,CR_p,0,31,0,0,5,0,22,0,0,13
410,Circlet,CR_p,299,18,53,0,0,0,0,0,0,19,Circlet,CR_p,0,16,0,0,0,20,10,0,0,22
11,Circlet,CR_p,0,31,35,0,0,0,6,49,0,0,Circlet,CR_p,538,53,0,0,6,0,0,61,0,0
102,Circlet,CD_p,0,14,23,0,0,18,0,0,9,0,Circlet,CD_p,598,0,21,9,0,0,0,0,10,0
18,Circlet,HP_p,0,0,79,0,0,14,6,16,0,0,Circlet,CD_p,538,0,0,0,23,0,5,0,3,0
398,Circlet,EM_f,478,0,19,0,0,0,16,0,7,0,Circlet,CD_p,0,0,21,14,10,0,0,0,8,0
,Circlet,HP_p,0,18,0,0,0,0,13,0,10,12
104,Circlet,HB_p,0,47,0,0,0,11,6,44,0,0,Circlet,CD_p,0,45,0,8,0,0,5,0,7,0
26,Circlet,DF_p,209,0,65,0,0,0,6,65,0,0,Circlet,CR_p,0,0,0,11,10,12,0,40,0,0
256,Circlet,HP_p,478,18,62,0,12,0,0,0,0,0,Circlet,CR_p,717,0,0,10,0,0,0,19,0,12
31,Circlet,AK_p,299,0,0,5,0,25,0,33,0,0,Circlet,CR_p,0,18,0,0,0,14,14,0,0,13
61,Circlet,AK_p,448,0,49,0,0,7,0,0,0,14,Circlet,CD_p,807,16,0,0,5,0,0,0,9,0
,Circlet,AK_p,448,0,0,4,0,0,0,0,7,21
8,Circlet,HB_p,478,0,67,9,0,15,0,0,0,0,Circlet,CR_p,0,0,42,0,5,0,15,0,0,16
107,Circlet,AK_p,538,0,46,0,0,0,12,0,9,0,Circlet,CR_p,299,53,16,0,0,0,0,0,0,26
66,Circlet,DF_p,0,33,0,5,0,0,15,0,0,12,Circlet,CR_p,0,0,42,0,14,0,6,0,0,23
79,Circlet,CD_p,598,33,37,0,0,0,0,0,7,0,Circlet,CR_p,538,19,0,10,0,0,0,0,0,19
0,Circlet,DF_p,239,14,0,25,6,0,0,0,0,0,Circlet,CD_p,508,0,19,0,15,0,0,0,6,0
48,Circlet,HP_p,239,49,49,0,0,0,0,0,4,0,Circlet,CR_p,0,27,90,0,0,0,0,21,0,12
3,Circlet,AK_p,269,53,0,0,0,0,12,0,0,12,Circlet,CD_p,0,0,0,15,16,6,0,0,4,0
16,Circlet,AK_p,0,35,0,0,0,12,13,35,0,0,Circlet,CR_p,0,0,19,0,0,12,0,70,0,12
,Circlet,HP_p,0,14,0,0,5,0,0,0,8,26
137,Circlet,HP_p,0,0,0,0,15,17,5,0,4,0,Circlet,CD_p,508,0,0,0,0,12,5,0,10,0
56,Circlet,CR_p,0,35,0,4,10,0,17,0,0,0,Circlet,CD_p,0,39,21,0,0,0,0,68,7,0
26,Circlet,HP_p,0,0,37,0,4,17,0,44,0,0,Circlet,CD_p,747,0,16,5,0,0,0,0,10,0
59,Circlet,CD_p,538,37,0,0,0,11,0,42,0,0,Circlet,CR_p,0,0,102,5,6,5,0,0,0,0
115,Circlet,HP_p,657,0,21,0,0,0,12,0,6,0,Circlet,CD_p,0,0,23,4,25,0,0,0,7,0
172,Circlet,HB_p,0,0,0,15,13,0,0,23,3,0,Circlet,CD_p,0,41,46,0,0,0,12,0,7,0
,Circlet,HB_p,209,33,0,0,0,0,6,0,13,0
132,Circlet,AK_p,239,53,42,8,0,0,0,0,0,0,Circlet,CD_p,0,0,0,0,10,12,12,42,0,0
24,Circlet,AK_p,239,62,39,0,0,7,0,0,0,0,Circlet,CD_p,0,0,42,6,0,24,0,0,7,0
352,Circlet,HP_p,269,35,0,0,0,0,0,40,0,26,Circlet,CD_p,538,0,37,0,0,0,0,21,14,0
26,Circlet,DF_p,0,29,62,6,0,0,0,37,0,0,Circlet,CD_p,0,33,86,10,0,0,0,0,3,0
,Circlet,AK_p,0,45,19,0,0,0,0,0,4,17
,Circlet,AK_p,508,33,0,0,0,0,0,0,6,13
,Circlet,EM_f,239,0,0,8,15,0,0,0,0,22
27,Circlet,CD_p,0,0,39,10,13,0,0,21,0,0,Circlet,CD_p,717,14,0,10,0,0,0,0,9,0
,Circlet,HP_p,568,0,23,0,0,0,0,19,14,0
40,Circlet,HB_p,0,53,0,8,10,0,6,0,0,0,Circlet,CD_p,0,51,0,4,23,0,0,0,4,0
110,Circlet,HP_p,986,19,0,0,0,12,12,0,0,0,Circlet,CR_p,0,0,35,0,0,20,0,23,0,15
142,Circlet,DF_p,0,0,0,13,0,0,9,37,0,8,Circlet,CR_p,0,51,0,0,0,10,6,0,0,14
170,Circlet,DF_p,0,0,56,0,5,0,0,23,9,0,Circlet,CR_p,0,29,16,11,0,0,0,0,0,22
209,Circlet,HB_p,538,35,0,12,0,0,0,0,7,0,Circlet,CR_p,568,0,0,0,0,12,0,47,0,20
592,Circlet,EM_f,0,18,16,11,0,0,0,0,0,29,Circlet,CR_p,0,14,23,0,9,0,0,0,0,26
26,Circlet,HP_p,538,31,0,0,0,0,13,0,0,14,Circlet,CR_p,0,37,0,0,13,7,0,0,0,12
25,Circlet,HB_p,0,31,0,16,6,0,0,0,0,11,Circlet,CR_p,448,0,0,0,11,12,0,0,0,14
53,Circlet,DF_p,299,64,32,0,0,0,0,0,0,7,Circlet,CD_p,0,0,56,0,10,18,0,0,3,0
194,Circlet,HP_p,0,0,32,0,0,19,0,0,4,18,Circlet,CD_p,239,0,0,0,6,0,11,0,14,0
114,Circlet,DF_p,657,47,0,4,0,0,6,0,0,0,Circlet,CD_p,0,0,0,5,17,0,12,23,0,0
0,Circlet,CD_p,1016,0,35,0,0,0,12,23,0,0,Circlet,CR_p,0,0,19,0,0,0,14,37,0,16
73,Circlet,DF_p,0,49,0,0,5,0,12,0,7,0,Circlet,CR_p,0,18,60,0,10,0,0,0,0,13
17,Circlet,DF_p,0,49,21,11,0,0,11,0,0,0,Circlet,CR_p,299,31,0,0,17,0,0,40,0,0
7,Circlet,DF_p,1016,0,0,0,5,0,16,23,0,0,Circlet,CD_p,478,37,62,0,0,0,0,0,3,0
73,Circlet,HP_p,538,16,39,0,16,0,0,0,0,0,Circlet,CR_p,627,18,0,0,0,0,0,23,0,20
194,Circlet,CR_p,836,0,19,0,11,0,0,0,0,12,Circlet,CR_p,956,0,19,0,12,0,0,0,0,13
178,Circlet,CD_p,448,0,39,0,10,0,0,0,7,0,Circlet,CD_p,0,35,0,9,5,0,0,0,10,0
28,Circlet,CD_p,0,14,42,0,0,13,18,0,0,0,Circlet,CD_p,0,18,39,0,10,0,0,0,9,0
44,Circlet,DF_p,747,0,23,0,9,0,0,37,0,0,Circlet,CR_p,508,0,0,10,0,20,0,0,0,14
105,Circlet,CR_p,777,0,21,0,5,24,0,0,0,0,Circlet,CD_p,448,0,0,13,11,0,0,0,4,0
1,Circlet,AK_p,568,0,23,0,0,11,0,56,0,0,Circlet,CR_p,1165,0,0,5,0,12,0,0,0,7
542,Circlet,HP_p,0,18,0,0,0,0,18,56,7,0,Circlet,CR_p,0,37,0,5,4,0,0,0,0,23
2,Circlet,CD_p,418,0,23,0,0,12,17,0,0,0,Circlet,CD_p,508,0,44,0,9,0,0,40,0,0
7,Circlet,HP_p,0,35,23,0,0,0,14,37,0,0,Circlet,CR_p,1135,0,44,5,4,0,0,0,0,0
39,Circlet,DF_p,0,0,19,0,0,0,14,44,10,0,Circlet,CR_p,0,0,60,0,0,6,0,40,0,21
91,Circlet,DF_p,0,51,19,0,12,0,0,23,0,0,Circlet,CD_p,269,33,0,10,13,0,0,0,0,0
73,Circlet,AK_p,508,0,39,13,0,0,5,0,0,0,Circlet,CD_p,448,0,0,0,10,19,13,0,0,0
38,Circlet,HB_p,0,33,0,9,0,0,16,21,0,0,Circlet,CD_p,0,0,0,13,0,12,11,0,3,0
108,Circlet,CD_p,0,31,0,0,10,12,10,0,0,0,Circlet,CR_p,418,0,39,0,11,0,0,0,0,13
30,Circlet,CD_p,0,37,60,0,5,12,0,0,0,0,Circlet,CD_p,239,0,0,0,0,12,0,68,7,0
186,Circlet,AK_p,239,37,0,0,0,0,0,56,0,13,Circlet,CR_p,538,53,0,10,0,0,0,0,0,14
197,Circlet,HP_p,0,0,53,0,0,7,0,42,0,13,Circlet,CD_p,239,29,0,0,0,0,10,0,11,0
422,Circlet,DF_p,448,16,39,0,15,0,0,0,0,0,Circlet,CR_p,0,47,23,10,0,0,0,0,0,12
,Circlet,HB_p,0,19,39,0,0,0,0,0,10,14
57,Circlet,CR_p,0,0,0,0,10,12,11,42,0,0,Circlet,CD_p,0,0,0,10,0,0,15,23,7,0
93,Circlet,HP_p,478,0,58,0,0,0,0,0,4,15,Circlet,CD_p,0,19,0,0,9,17,0,0,10,0
10,Circlet,DF_p,269,0,0,0,0,0,35,19,0,5,Circlet,CR_p,0,0,0,13,0,6,6,0,0,23
120,Circlet,HB_p,538,0,42,0,5,0,16,0,0,0,Circlet,CD_p,0,35,0,0,9,0,0,63,3,0
,Circlet,DF_p,0,14,44,10,0,0,0,0,0,22
32,Circlet,CR_p,239,43,0,0,22,0,0,21,0,0,Circlet,CD_p,1285,0,0,0,0,6,6,0,7,0
58,Circlet,CD_p,747,33,0,0,0,12,0,0,4,0,Circlet,CR_p,0,29,0,0,20,0,10,21,0,0
69,Circlet,AK_p,0,0,16,16,0,0,0,42,7,0,Circlet,CD_p,598,33,0,5,0,0,0,0,10,0
18,Circlet,DF_p,0,33,39,0,0,0,0,58,4,0,Circlet,CD_p,0,37,0,5,0,12,0,0,10,0
65,Circlet,HP_p,269,0,35,0,0,0,17,40,0,0,Circlet,CR_p,538,0,0,20,0,0,0,21,0,5
425,Circlet,DF_p,538,0,42,0,11,0,0,0,0,13,Circlet,CR_p,209,45,44,0,0,0,0,0,0,21
23,Circlet,CD_p,0,0,65,0,8,0,17,23,0,0,Circlet,CD_p,0,0,42,12,18,0,5,0,0,0
76,Circlet,HP_p,418,70,19,0,0,0,0,0,7,0,Circlet,CD_p,0,49,0,0,6,0,16,0,6,0
6,Circlet,CR_p,508,16,62,12,0,0,0,0,0,0,Circlet,CR_p,0,0,0,12,4,23,0,21,0,0
139,Circlet,HP_p,777,0,19,0,14,0,0,0,4,0,Circlet,CR_p,0,0,35,0,0,6,6,0,0,27
60,Circlet,HP_p,0,0,35,0,0,0,12,58,3,0,Circlet,CD_p,239,0,53,0,0,0,11,0,7,0
253,Circlet,AK_p,0,0,0,0,0,12,0,35,10,8,Circlet,CR_p,0,18,19,0,0,0,6,0,0,32
20,Circlet,CD_p,717,33,0,10,0,0,0,16,0,0,Circlet,CD_p,209,0,46,10,0,0,0,0,10,0
281,Circlet,HP_p,747,0,0,0,0,7,0,16,11,0,Circlet,CD_p,0,16,0,9,0,7,0,0,14,0
39,Circlet,AK_p,0,0,83,0,0,12,0,19,0,5,Circlet,CD_p,0,0,46,19,0,0,0,19,3,0
,Circlet,DF_p,478,0,0,0,6,0,12,0,13,0
326,Circlet,HP_p,538,0,0,0,0,26,6,0,6,0,Circlet,CR_p,478,0,44,0,0,11,0,0,0,21
78,Circlet,HB_p,448,0,0,0,0,21,0,44,0,13,Circlet,CR_p,0,0,51,4,0,0,15,0,0,14
34,Circlet,HP_p,0,0,60,0,9,7,10,0,0,0,Circlet,CD_p,0,19,21,9,0,0,0,0,13,0
96,Circlet,HB_p,0,35,16,5,0,32,0,0,0,0,Circlet,CD_p,568,16,0,13,11,0,0,0,0,0
76,Circlet,HP_p,239,0,23,0,0,0,15,0,0,18,Circlet,CR_p,0,0,0,0,9,18,5,0,0,20
66,Circlet,DF_p,598,54,0,0,0,0,0,35,0,5,Circlet,CD_p,568,0,0,0,0,0,17,19,10,0
24,Circlet,HB_p,0,0,74,5,0,12,0,23,0,0,Circlet,CR_p,0,47,60,0,0,7,0,0,0,12
132,Circlet,HB_p,0,47,21,0,0,20,0,0,0,15,Circlet,CR_p,209,33,42,0,0,0,0,0,0,23
35,Circlet,CD_p,747,0,0,0,6,0,16,37,0,0,Circlet,CD_p,269,0,0,0,0,20,17,0,4,0
81,Circlet,EM_f,0,41,35,0,9,0,0,0,0,15,Circlet,CR_p,478,0,0,0,4,0,13,0,0,22
6,Circlet,CR_p,478,19,35,0,0,0,0,61,0,0,Circlet,CD_p,0,0,21,15,8,0,0,44,0,0
5,Circlet,CR_p,717,0,42,0,0,0,15,0,0,6,Circlet,CD_p,209,0,58,0,10,0,0,0,7,0
20,Circlet,AK_p,747,53,0,0,0,0,5,23,0,0,Circlet,CR_p,209,0,0,0,16,12,10,0,0,0
2,Circlet,HP_p,0,33,19,0,0,19,12,0,0,0,Circlet,CR_p,0,0,56,0,17,0,6,0,0,12
28,Circlet,DF_p,538,33,0,0,0,0,6,63,0,0,Circlet,CR_p,0,19,0,0,11,5,0,0,0,28
54,Circlet,CD_p,508,0,35,0,9,0,13,0,0,0,Circlet,CR_p,478,33,0,12,0,0,0,0,0,11
824,Circlet,AK_p,209,19,19,0,0,0,0,0,0,33,Circlet,CD_p,0,0,16,6,0,0,0,19,18,0
112,Circlet,HP_p,0,53,0,0,0,0,14,47,4,0,Circlet,CR_p,209,37,0,0,0,0,0,63,0,20
45,Circlet,CD_p,836,18,0,0,5,18,0,0,0,0,Circlet,CD_p,0,0,35,0,10,5,0,0,9,0
14,Circlet,AK_p,0,37,21,0,0,20,0,56,0,0,Circlet,CR_p,478,37,0,0,8,0,13,0,0,0
11,Circlet,HP_p,0,31,39,0,12,0,0,23,0,0,Circlet,CD_p,299,0,0,0,0,17,0,56,7,0
44,Circlet,CR_p,478,56,0,4,11,0,0,0,0,0,Circlet,CR_p,269,37,0,0,20,10,0,0,0,0
,Circlet,DF_p,269,0,0,0,11,0,0,0,7,19
54,Circlet,DF_p,0,18,39,0,6,0,0,77,0,0,Circlet,CD_p,269,0,76,0,9,0,0,23,0,0
62,Circlet,HP_p,0,31,53,0,12,0,0,0,5,0,Circlet,CD_p,299,0,0,13,0,0,6,0,10,0
76,Circlet,HB_p,0,45,0,0,10,0,0,23,0,12,Circlet,CD_p,0,53,19,0,9,0,0,0,7,0
145,Circlet,DF_p,0,0,0,5,0,0,14,40,7,0,Circlet,CD_p,0,0,0,0,19,7,0,47,3,0
25,Circlet,HP_p,717,33,0,0,0,0,5,33,0,0,Circlet,CD_p,0,16,42,0,10,0,0,58,0,0
202,Circlet,HB_p,538,31,0,10,0,12,0,0,0,0,Circlet,CD_p,0,0,19,4,10,24,0,0,0,0
